Handle,Title,Body (HTML),Vendor,Type,Tags,Published,Option1 Name,Option1 Value,Option2 Name,Option2 Value,Option3 Name,Option3 Value,Variant SKU,Variant Grams,Variant Inventory Tracker,Variant Inventory Qty,Variant Inventory Policy,Variant Fulfillment Service,Variant Price,Variant Compare At Price,Variant Requires Shipping,Variant Taxable,Variant Barcode,Image Src,Image Position,Image Src,Image Position,Image Src,Image Position,Image Src,Image Position,Image Src,Image Position,Image Src,Image Position,Image Src,Image Position,Image Src,Image Position,Image Src,Image Position,Image Src,Image Position,Image Src,Image Position,Image Src,Image Position,Image Src,Image Position,Image Src,Image Position,Image Src,Image Position,Image Src,Image Position,Image Src,Image Position,Image Src,Image Position,Image Src,Image Position,Image Src,Image Position,Image Src,Image Position,Image Src,Image Position,Image Alt Text,Gift Card,SEO Title,SEO Description,Google Shopping / Google Product Category,Google Shopping / Gender,Google Shopping / Age Group,Google Shopping / MPN,Google Shopping / AdWords Grouping,Google Shopping / AdWords Labels,Google Shopping / Condition,Google Shopping / Custom Product,Google Shopping / Custom Label 0,Google Shopping / Custom Label 1,Google Shopping / Custom Label 2,Google Shopping / Custom Label 3,Google Shopping / Custom Label 4,Variant Image,Variant Weight Unit,Variant Tax Code,Cost per item
Volvo-V40-D3-Momentum-Aut-Navi-LED-Cam-PDC-vo---hi,Volvo V40 D3 Momentum Aut Navi LED Cam PDC vo   hi,"<p>
<strong>Abholadresse</strong>
Persiusstrasse 7-8
10245 Berlin
Deutschland<br>
<strong>Fahrzeugzustand</strong>
<br>
<strong>Kategorie</strong>
Kombi<br>
<strong>Herkunft</strong>
Deutsche Ausführung<br>
<strong>Kilometerstand</strong>
46.350 km<br>
<strong>Hubraum</strong>
1.969 cm³<br>
<strong>Leistung</strong>
110 kW (150 PS)<br>
<strong>Kraftstoffart</strong>
Diesel<br>
<strong>Verbrauch</strong><br>
ca. 4,0 l/100km (kombiniert)<br>
ca. 4,6 l/100km (innerorts)<br>
ca. 3,7 l/100km (außerorts)<br>
<strong>CO2-Emission</strong>
ca. 104 g/km (kombiniert)<br>
<strong>Anzahl der Türen</strong>
4/5<br>
<strong>Anzahl Sitzplätze</strong>
5<br>
<strong>Getriebe</strong>
Automatik<br>
<strong>Schadstoffklasse</strong>
Euro6<br>
<strong>Umweltplakette</strong>
4 (Grün)<br>
<strong>Erstzulassung</strong>
12/2016<br>
<strong>Anzahl der Fahrzeughalter</strong>
2<br>
<strong>HU</strong>
Neu<br>
<strong>Klimatisierung</strong>
2-Zonen-Klimaautomatik<br>
<strong>Farbe (Hersteller)</strong>
Osmium Grau 714<br>
<strong>Farbe</strong>
Grau Metallic<br>
<strong>Innenausstattung</strong>
Stoff, Andere<br>
<strong>Weitere Eigenschaften</strong><br>
ABS, Ambiente-Beleuchtung, Armlehne, Beheizbare Frontscheibe, Berganfahrassistent, Bluetooth, Bordcomputer, CD-Spieler, Elektr. Fensterheber, Elektr. Seitenspiegel, Elektr. Wegfahrsperre, ESP, Fernlichtassistent, Freisprecheinrichtung, Garantie, Geschwindigkeitsbegrenzer, Innenspiegel autom. abblendend, Isofix, Lederlenkrad, LED-Scheinwerfer, LED-Tagfahrlicht, Leichtmetallfelgen, Lichtsensor, Lordosenstütze, Multifunktionslenkrad, Musikstreaming integriert, Navigationssystem, Nichtraucher-Fahrzeug, Pannenkit, Partikelfilter, Regensensor, Reifendruckkontrolle, Scheckheftgepflegt, Scheinwerferreinigung, Servolenkung, Sitzheizung, Sommerreifen, Soundsystem, Sprachsteuerung, Start/Stopp-Automatik, Tempomat, Tuner/Radio, Umklappbarer Beifahrersitz, USB, Volldigitales Kombiinstrument, Winterpaket, Zentralverriegelung
</p>",Volvo,,"Marke_Volvo, Typ_Kombi, Alter_maximal 5 Jahre,Alter_Alle, Kilometerstand_maximal 50.000 km,Kilometerstand_maximal 80.000 km,Kilometerstand_maximal 100.000 km, Leistung_Alle, Schaltung_Automatik, Farbe_Grau, Kraftstoff_Diesel, Zustand_Gebraucht, Preis_Premium (ab 400 €)",WAHR,Deine Abo Dauer,3 Monate,Dein monatliches Kilometerpaket,500 km,,,ADA,0,,0,deny,manual,598,,FALSCH,WAHR,,https://i.ebayimg.com/00/s/NDI3WDY0MA==/z/6LkAAOSwXQRey~2H/$_27.JPG,,https://i.ebayimg.com/00/s/NDI3WDY0MA==/z/fngAAOSwb65ey~2H/$_27.JPG,1,https://i.ebayimg.com/00/s/NDI3WDY0MA==/z/rNIAAOSwAJxey~2H/$_27.JPG,2,https://i.ebayimg.com/00/s/NDI3WDY0MA==/z/NVEAAOSwtGRey~2H/$_27.JPG,3,https://i.ebayimg.com/00/s/NDI3WDY0MA==/z/XIsAAOSwrFtey~2H/$_27.JPG,4,https://i.ebayimg.com/00/s/NDI3WDY0MA==/z/OCIAAOSwvhtey~2H/$_27.JPG,5,https://i.ebayimg.com/00/s/NDI3WDY0MA==/z/-TMAAOSwYcRey~2H/$_27.JPG,6,https://i.ebayimg.com/00/s/NDI3WDY0MA==/z/4CUAAOSwzINey~2H/$_27.JPG,7,https://i.ebayimg.com/00/s/NDI3WDY0MA==/z/HNYAAOSwMTZey~2H/$_27.JPG,8,https://i.ebayimg.com/00/s/NDI3WDY0MA==/z/1U0AAOSwLsRey~2H/$_27.JPG,9,https://i.ebayimg.com/00/s/NDI3WDY0MA==/z/I34AAOSwhYhey~2H/$_27.JPG,10,https://i.ebayimg.com/00/s/NDI3WDY0MA==/z/o84AAOSwmZdey~2H/$_27.JPG,11,https://i.ebayimg.com/00/s/NDI3WDY0MA==/z/HeYAAOSw9CNey~2H/$_27.JPG,12,https://i.ebayimg.com/00/s/NDI3WDY0MA==/z/WhcAAOSwVOtey~2H/$_27.JPG,13,https://i.ebayimg.com/00/s/NDI3WDY0MA==/z/0nMAAOSwgM5ey~2H/$_27.JPG,14,https://i.ebayimg.com/00/s/NDI3WDY0MA==/z/6LkAAOSwXQRey~2H/$_27.JPG,15,https://i.ebayimg.com/00/s/NDI3WDY0MA==/z/fngAAOSwb65ey~2H/$_27.JPG,16,,,,,,,,,,,nil
Volvo-V40-D3-Momentum-Aut-Navi-LED-Cam-PDC-vo---hi,,,,,,,,3 Monate,,1000 km,,,ADA,0,,0,deny,manual,635,,FALSCH,WAHR
Volvo-V40-D3-Momentum-Aut-Navi-LED-Cam-PDC-vo---hi,,,,,,,,3 Monate,,1500 km,,,ADA,0,,0,deny,manual,671,,FALSCH,WAHR
Volvo-V40-D3-Momentum-Aut-Navi-LED-Cam-PDC-vo---hi,,,,,,,,3 Monate,,2000 km,,,ADA,0,,0,deny,manual,708,,FALSCH,WAHR
Volvo-V40-D3-Momentum-Aut-Navi-LED-Cam-PDC-vo---hi,,,,,,,,3 Monate,,2500 km,,,ADA,0,,0,deny,manual,745,,FALSCH,WAHR
Volvo-V40-D3-Momentum-Aut-Navi-LED-Cam-PDC-vo---hi,,,,,,,,4 Monate,,500 km,,,ADA,0,,0,deny,manual,587,,FALSCH,WAHR
Volvo-V40-D3-Momentum-Aut-Navi-LED-Cam-PDC-vo---hi,,,,,,,,4 Monate,,1000 km,,,ADA,0,,0,deny,manual,624,,FALSCH,WAHR
Volvo-V40-D3-Momentum-Aut-Navi-LED-Cam-PDC-vo---hi,,,,,,,,4 Monate,,1500 km,,,ADA,0,,0,deny,manual,660,,FALSCH,WAHR
Volvo-V40-D3-Momentum-Aut-Navi-LED-Cam-PDC-vo---hi,,,,,,,,4 Monate,,2000 km,,,ADA,0,,0,deny,manual,697,,FALSCH,WAHR
Volvo-V40-D3-Momentum-Aut-Navi-LED-Cam-PDC-vo---hi,,,,,,,,4 Monate,,2500 km,,,ADA,0,,0,deny,manual,734,,FALSCH,WAHR
Volvo-V40-D3-Momentum-Aut-Navi-LED-Cam-PDC-vo---hi,,,,,,,,5 Monate,,500 km,,,ADA,0,,0,deny,manual,580,,FALSCH,WAHR
Volvo-V40-D3-Momentum-Aut-Navi-LED-Cam-PDC-vo---hi,,,,,,,,5 Monate,,1000 km,,,ADA,0,,0,deny,manual,617,,FALSCH,WAHR
Volvo-V40-D3-Momentum-Aut-Navi-LED-Cam-PDC-vo---hi,,,,,,,,5 Monate,,1500 km,,,ADA,0,,0,deny,manual,654,,FALSCH,WAHR
Volvo-V40-D3-Momentum-Aut-Navi-LED-Cam-PDC-vo---hi,,,,,,,,5 Monate,,2000 km,,,ADA,0,,0,deny,manual,691,,FALSCH,WAHR
Volvo-V40-D3-Momentum-Aut-Navi-LED-Cam-PDC-vo---hi,,,,,,,,5 Monate,,2500 km,,,ADA,0,,0,deny,manual,728,,FALSCH,WAHR
Volvo-V40-D3-Momentum-Aut-Navi-LED-Cam-PDC-vo---hi,,,,,,,,6 Monate,,500 km,,,ADA,0,,0,deny,manual,576,,FALSCH,WAHR
Volvo-V40-D3-Momentum-Aut-Navi-LED-Cam-PDC-vo---hi,,,,,,,,6 Monate,,1000 km,,,ADA,0,,0,deny,manual,613,,FALSCH,WAHR
Volvo-V40-D3-Momentum-Aut-Navi-LED-Cam-PDC-vo---hi,,,,,,,,6 Monate,,1500 km,,,ADA,0,,0,deny,manual,650,,FALSCH,WAHR
Volvo-V40-D3-Momentum-Aut-Navi-LED-Cam-PDC-vo---hi,,,,,,,,6 Monate,,2000 km,,,ADA,0,,0,deny,manual,686,,FALSCH,WAHR
Volvo-V40-D3-Momentum-Aut-Navi-LED-Cam-PDC-vo---hi,,,,,,,,6 Monate,,2500 km,,,ADA,0,,0,deny,manual,745,,FALSCH,WAHR
Volvo-V40-D3-Momentum-Aut-Navi-LED-Cam-PDC-vo---hi,,,,,,,,7 Monate,,500 km,,,ADA,0,,0,deny,manual,591,,FALSCH,WAHR
Volvo-V40-D3-Momentum-Aut-Navi-LED-Cam-PDC-vo---hi,,,,,,,,7 Monate,,1000 km,,,ADA,0,,0,deny,manual,628,,FALSCH,WAHR
Volvo-V40-D3-Momentum-Aut-Navi-LED-Cam-PDC-vo---hi,,,,,,,,7 Monate,,1500 km,,,ADA,0,,0,deny,manual,665,,FALSCH,WAHR
Volvo-V40-D3-Momentum-Aut-Navi-LED-Cam-PDC-vo---hi,,,,,,,,7 Monate,,2000 km,,,ADA,0,,0,deny,manual,702,,FALSCH,WAHR
Volvo-V40-D3-Momentum-Aut-Navi-LED-Cam-PDC-vo---hi,,,,,,,,7 Monate,,2500 km,,,ADA,0,,0,deny,manual,739,,FALSCH,WAHR
Volvo-V40-D3-Momentum-Aut-Navi-LED-Cam-PDC-vo---hi,,,,,,,,8 Monate,,500 km,,,ADA,0,,0,deny,manual,587,,FALSCH,WAHR
Volvo-V40-D3-Momentum-Aut-Navi-LED-Cam-PDC-vo---hi,,,,,,,,8 Monate,,1000 km,,,ADA,0,,0,deny,manual,624,,FALSCH,WAHR
Volvo-V40-D3-Momentum-Aut-Navi-LED-Cam-PDC-vo---hi,,,,,,,,8 Monate,,1500 km,,,ADA,0,,0,deny,manual,660,,FALSCH,WAHR
Volvo-V40-D3-Momentum-Aut-Navi-LED-Cam-PDC-vo---hi,,,,,,,,8 Monate,,2000 km,,,ADA,0,,0,deny,manual,697,,FALSCH,WAHR
Volvo-V40-D3-Momentum-Aut-Navi-LED-Cam-PDC-vo---hi,,,,,,,,8 Monate,,2500 km,,,ADA,0,,0,deny,manual,734,,FALSCH,WAHR
Volvo-V40-D3-Momentum-Aut-Navi-LED-Cam-PDC-vo---hi,,,,,,,,9 Monate,,500 km,,,ADA,0,,0,deny,manual,583,,FALSCH,WAHR
Volvo-V40-D3-Momentum-Aut-Navi-LED-Cam-PDC-vo---hi,,,,,,,,9 Monate,,1000 km,,,ADA,0,,0,deny,manual,620,,FALSCH,WAHR
Volvo-V40-D3-Momentum-Aut-Navi-LED-Cam-PDC-vo---hi,,,,,,,,9 Monate,,1500 km,,,ADA,0,,0,deny,manual,657,,FALSCH,WAHR
Volvo-V40-D3-Momentum-Aut-Navi-LED-Cam-PDC-vo---hi,,,,,,,,9 Monate,,2000 km,,,ADA,0,,0,deny,manual,694,,FALSCH,WAHR
Volvo-V40-D3-Momentum-Aut-Navi-LED-Cam-PDC-vo---hi,,,,,,,,9 Monate,,2500 km,,,ADA,0,,0,deny,manual,730,,FALSCH,WAHR
Volvo-V40-D3-Momentum-Aut-Navi-LED-Cam-PDC-vo---hi,,,,,,,,10 Monate,,500 km,,,ADA,0,,0,deny,manual,580,,FALSCH,WAHR
Volvo-V40-D3-Momentum-Aut-Navi-LED-Cam-PDC-vo---hi,,,,,,,,10 Monate,,1000 km,,,ADA,0,,0,deny,manual,617,,FALSCH,WAHR
Volvo-V40-D3-Momentum-Aut-Navi-LED-Cam-PDC-vo---hi,,,,,,,,10 Monate,,1500 km,,,ADA,0,,0,deny,manual,654,,FALSCH,WAHR
Volvo-V40-D3-Momentum-Aut-Navi-LED-Cam-PDC-vo---hi,,,,,,,,10 Monate,,2000 km,,,ADA,0,,0,deny,manual,691,,FALSCH,WAHR
Volvo-V40-D3-Momentum-Aut-Navi-LED-Cam-PDC-vo---hi,,,,,,,,10 Monate,,2500 km,,,ADA,0,,0,deny,manual,728,,FALSCH,WAHR
Volvo-V40-D3-Momentum-Aut-Navi-LED-Cam-PDC-vo---hi,,,,,,,,11 Monate,,500 km,,,ADA,0,,0,deny,manual,578,,FALSCH,WAHR
Volvo-V40-D3-Momentum-Aut-Navi-LED-Cam-PDC-vo---hi,,,,,,,,11 Monate,,1000 km,,,ADA,0,,0,deny,manual,615,,FALSCH,WAHR
Volvo-V40-D3-Momentum-Aut-Navi-LED-Cam-PDC-vo---hi,,,,,,,,11 Monate,,1500 km,,,ADA,0,,0,deny,manual,651,,FALSCH,WAHR
Volvo-V40-D3-Momentum-Aut-Navi-LED-Cam-PDC-vo---hi,,,,,,,,11 Monate,,2000 km,,,ADA,0,,0,deny,manual,688,,FALSCH,WAHR
Volvo-V40-D3-Momentum-Aut-Navi-LED-Cam-PDC-vo---hi,,,,,,,,11 Monate,,2500 km,,,ADA,0,,0,deny,manual,725,,FALSCH,WAHR
Volvo-V40-D3-Momentum-Aut-Navi-LED-Cam-PDC-vo---hi,,,,,,,,12 Monate,,500 km,,,ADA,0,,0,deny,manual,576,,FALSCH,WAHR
Volvo-V40-D3-Momentum-Aut-Navi-LED-Cam-PDC-vo---hi,,,,,,,,12 Monate,,1000 km,,,ADA,0,,0,deny,manual,613,,FALSCH,WAHR
Volvo-V40-D3-Momentum-Aut-Navi-LED-Cam-PDC-vo---hi,,,,,,,,12 Monate,,1500 km,,,ADA,0,,0,deny,manual,649,,FALSCH,WAHR
Volvo-V40-D3-Momentum-Aut-Navi-LED-Cam-PDC-vo---hi,,,,,,,,12 Monate,,2000 km,,,ADA,0,,0,deny,manual,686,,FALSCH,WAHR
Volvo-V40-D3-Momentum-Aut-Navi-LED-Cam-PDC-vo---hi,,,,,,,,12 Monate,,2500 km,,,ADA,0,,0,deny,manual,723,,FALSCH,WAHR
Volvo-V60-CC-D4-AWD-Automatik-Navigation-Vollleder-AHK,Volvo V60 CC D4 AWD Automatik Navigation Vollleder AHK,"<p>
<strong>Abholadresse</strong>
Persiusstrasse 7-8
10245 Berlin
Deutschland<br>
<strong>Fahrzeugzustand</strong>
Unfallfrei<br>
<strong>Kategorie</strong>
Kombi<br>
<strong>Herkunft</strong>
Deutsche Ausführung<br>
<strong>Kilometerstand</strong>
47.750 km<br>
<strong>Hubraum</strong>
2.400 cm³<br>
<strong>Leistung</strong>
140 kW (190 PS)<br>
<strong>Kraftstoffart</strong>
Diesel<br>
<strong>Verbrauch</strong><br>
ca. 5,7 l/100km (kombiniert)<br>
ca. 6,8 l/100km (innerorts)<br>
ca. 5,1 l/100km (außerorts)<br>
<strong>CO2-Emission</strong>
ca. 149 g/km (kombiniert)<br>
<strong>Anzahl der Türen</strong>
4/5<br>
<strong>Anzahl Sitzplätze</strong>
5<br>
<strong>Getriebe</strong>
Automatik<br>
<strong>Schadstoffklasse</strong>
Euro6<br>
<strong>Umweltplakette</strong>
4 (Grün)<br>
<strong>Erstzulassung</strong>
05/2017<br>
<strong>Anzahl der Fahrzeughalter</strong>
1<br>
<strong>HU</strong>
Neu<br>
<strong>Klimatisierung</strong>
2-Zonen-Klimaautomatik<br>
<strong>Farbe (Hersteller)</strong>
Polar Weiß 614<br>
<strong>Farbe</strong>
Weiß<br>
<strong>Innenausstattung</strong>
Vollleder, Andere<br>
<strong>Weitere Eigenschaften</strong><br>
ABS, Allradantrieb, Anhängerkupplung abnehmbar, Armlehne, Beheizbare Frontscheibe, Berganfahrassistent, Bluetooth, Bordcomputer, CD-Spieler, Dachreling, Elektr. Fensterheber, Elektr. Seitenspiegel, Elektr. Wegfahrsperre, ESP, Freisprecheinrichtung, Garantie, Geschwindigkeitsbegrenzer, Isofix, Lederlenkrad, LED-Tagfahrlicht, Leichtmetallfelgen, Lichtsensor, Multifunktionslenkrad, Navigationssystem, Nichtraucher-Fahrzeug, Pannenkit, Partikelfilter, Regensensor, Reifendruckkontrolle, Scheckheftgepflegt, Servolenkung, Sitzheizung, Sommerreifen, Soundsystem, Sprachsteuerung, Start/Stopp-Automatik, Tempomat, Traktionskontrolle, Tuner/Radio, USB, Winterpaket, Zentralverriegelung
</p>",Volvo,,"Marke_Volvo, Typ_Kombi, Alter_maximal 5 Jahre,Alter_Alle, Kilometerstand_maximal 50.000 km,Kilometerstand_maximal 80.000 km,Kilometerstand_maximal 100.000 km, Leistung_150 bis 200 PS,Leistung_Alle, Schaltung_Automatik, Farbe_Weiß, Kraftstoff_Diesel, Zustand_Gebraucht, Preis_Premium (ab 400 €)",WAHR,Deine Abo Dauer,3 Monate,Dein monatliches Kilometerpaket,500 km,,,ADA,0,,0,deny,manual,789,,FALSCH,WAHR,,https://i.ebayimg.com/00/s/NDI3WDY0MA==/z/Mk8AAOSw7vVe38Po/$_27.JPG,,https://i.ebayimg.com/00/s/NDI3WDY0MA==/z/zQ4AAOSwzRpe38Pk/$_27.JPG,1,https://i.ebayimg.com/00/s/NDI3WDY0MA==/z/PpcAAOSw~6Be38Pk/$_27.JPG,2,https://i.ebayimg.com/00/s/NDI3WDY0MA==/z/O4MAAOSws4te38Pk/$_27.JPG,3,https://i.ebayimg.com/00/s/NDI3WDY0MA==/z/24IAAOSw35Be38Pk/$_27.JPG,4,https://i.ebayimg.com/00/s/NDI3WDY0MA==/z/4oQAAOSw7ple38Pk/$_27.JPG,5,https://i.ebayimg.com/00/s/NDI3WDY0MA==/z/dCYAAOSwOahe38Pk/$_27.JPG,6,https://i.ebayimg.com/00/s/NDI3WDY0MA==/z/K7AAAOSwXXxe38Pk/$_27.JPG,7,https://i.ebayimg.com/00/s/NDI3WDY0MA==/z/hdcAAOSw1N1e38Pk/$_27.JPG,8,https://i.ebayimg.com/00/s/NDI3WDY0MA==/z/Q88AAOSwyPRe38Pk/$_27.JPG,9,https://i.ebayimg.com/00/s/NDI3WDY0MA==/z/OyYAAOSwWbxe38Pk/$_27.JPG,10,https://i.ebayimg.com/00/s/NDI3WDY0MA==/z/TvEAAOSwPY5e38Pk/$_27.JPG,11,https://i.ebayimg.com/00/s/NDI3WDY0MA==/z/v6cAAOSwmkFe38Pk/$_27.JPG,12,https://i.ebayimg.com/00/s/NDI3WDY0MA==/z/sDkAAOSw6IFe38Pk/$_27.JPG,13,https://i.ebayimg.com/00/s/NDI3WDY0MA==/z/67YAAOSwVNpe38Pk/$_27.JPG,14,https://i.ebayimg.com/00/s/NDI3WDY0MA==/z/Mk8AAOSw7vVe38Po/$_27.JPG,15,https://i.ebayimg.com/00/s/NDI3WDY0MA==/z/zQ4AAOSwzRpe38Pk/$_27.JPG,16,,,,,,,,,,,nil
Volvo-V60-CC-D4-AWD-Automatik-Navigation-Vollleder-AHK,,,,,,,,3 Monate,,1000 km,,,ADA,0,,0,deny,manual,847,,FALSCH,WAHR
Volvo-V60-CC-D4-AWD-Automatik-Navigation-Vollleder-AHK,,,,,,,,3 Monate,,1500 km,,,ADA,0,,0,deny,manual,906,,FALSCH,WAHR
Volvo-V60-CC-D4-AWD-Automatik-Navigation-Vollleder-AHK,,,,,,,,3 Monate,,2000 km,,,ADA,0,,0,deny,manual,964,,FALSCH,WAHR
Volvo-V60-CC-D4-AWD-Automatik-Navigation-Vollleder-AHK,,,,,,,,3 Monate,,2500 km,,,ADA,0,,0,deny,manual,1023,,FALSCH,WAHR
Volvo-V60-CC-D4-AWD-Automatik-Navigation-Vollleder-AHK,,,,,,,,4 Monate,,500 km,,,ADA,0,,0,deny,manual,778,,FALSCH,WAHR
Volvo-V60-CC-D4-AWD-Automatik-Navigation-Vollleder-AHK,,,,,,,,4 Monate,,1000 km,,,ADA,0,,0,deny,manual,836,,FALSCH,WAHR
Volvo-V60-CC-D4-AWD-Automatik-Navigation-Vollleder-AHK,,,,,,,,4 Monate,,1500 km,,,ADA,0,,0,deny,manual,895,,FALSCH,WAHR
Volvo-V60-CC-D4-AWD-Automatik-Navigation-Vollleder-AHK,,,,,,,,4 Monate,,2000 km,,,ADA,0,,0,deny,manual,953,,FALSCH,WAHR
Volvo-V60-CC-D4-AWD-Automatik-Navigation-Vollleder-AHK,,,,,,,,4 Monate,,2500 km,,,ADA,0,,0,deny,manual,1012,,FALSCH,WAHR
Volvo-V60-CC-D4-AWD-Automatik-Navigation-Vollleder-AHK,,,,,,,,5 Monate,,500 km,,,ADA,0,,0,deny,manual,771,,FALSCH,WAHR
Volvo-V60-CC-D4-AWD-Automatik-Navigation-Vollleder-AHK,,,,,,,,5 Monate,,1000 km,,,ADA,0,,0,deny,manual,830,,FALSCH,WAHR
Volvo-V60-CC-D4-AWD-Automatik-Navigation-Vollleder-AHK,,,,,,,,5 Monate,,1500 km,,,ADA,0,,0,deny,manual,888,,FALSCH,WAHR
Volvo-V60-CC-D4-AWD-Automatik-Navigation-Vollleder-AHK,,,,,,,,5 Monate,,2000 km,,,ADA,0,,0,deny,manual,947,,FALSCH,WAHR
Volvo-V60-CC-D4-AWD-Automatik-Navigation-Vollleder-AHK,,,,,,,,5 Monate,,2500 km,,,ADA,0,,0,deny,manual,1005,,FALSCH,WAHR
Volvo-V60-CC-D4-AWD-Automatik-Navigation-Vollleder-AHK,,,,,,,,6 Monate,,500 km,,,ADA,0,,0,deny,manual,767,,FALSCH,WAHR
Volvo-V60-CC-D4-AWD-Automatik-Navigation-Vollleder-AHK,,,,,,,,6 Monate,,1000 km,,,ADA,0,,0,deny,manual,825,,FALSCH,WAHR
Volvo-V60-CC-D4-AWD-Automatik-Navigation-Vollleder-AHK,,,,,,,,6 Monate,,1500 km,,,ADA,0,,0,deny,manual,884,,FALSCH,WAHR
Volvo-V60-CC-D4-AWD-Automatik-Navigation-Vollleder-AHK,,,,,,,,6 Monate,,2000 km,,,ADA,0,,0,deny,manual,942,,FALSCH,WAHR
Volvo-V60-CC-D4-AWD-Automatik-Navigation-Vollleder-AHK,,,,,,,,6 Monate,,2500 km,,,ADA,0,,0,deny,manual,1023,,FALSCH,WAHR
Volvo-V60-CC-D4-AWD-Automatik-Navigation-Vollleder-AHK,,,,,,,,7 Monate,,500 km,,,ADA,0,,0,deny,manual,782,,FALSCH,WAHR
Volvo-V60-CC-D4-AWD-Automatik-Navigation-Vollleder-AHK,,,,,,,,7 Monate,,1000 km,,,ADA,0,,0,deny,manual,841,,FALSCH,WAHR
Volvo-V60-CC-D4-AWD-Automatik-Navigation-Vollleder-AHK,,,,,,,,7 Monate,,1500 km,,,ADA,0,,0,deny,manual,899,,FALSCH,WAHR
Volvo-V60-CC-D4-AWD-Automatik-Navigation-Vollleder-AHK,,,,,,,,7 Monate,,2000 km,,,ADA,0,,0,deny,manual,958,,FALSCH,WAHR
Volvo-V60-CC-D4-AWD-Automatik-Navigation-Vollleder-AHK,,,,,,,,7 Monate,,2500 km,,,ADA,0,,0,deny,manual,1017,,FALSCH,WAHR
Volvo-V60-CC-D4-AWD-Automatik-Navigation-Vollleder-AHK,,,,,,,,8 Monate,,500 km,,,ADA,0,,0,deny,manual,778,,FALSCH,WAHR
Volvo-V60-CC-D4-AWD-Automatik-Navigation-Vollleder-AHK,,,,,,,,8 Monate,,1000 km,,,ADA,0,,0,deny,manual,836,,FALSCH,WAHR
Volvo-V60-CC-D4-AWD-Automatik-Navigation-Vollleder-AHK,,,,,,,,8 Monate,,1500 km,,,ADA,0,,0,deny,manual,895,,FALSCH,WAHR
Volvo-V60-CC-D4-AWD-Automatik-Navigation-Vollleder-AHK,,,,,,,,8 Monate,,2000 km,,,ADA,0,,0,deny,manual,953,,FALSCH,WAHR
Volvo-V60-CC-D4-AWD-Automatik-Navigation-Vollleder-AHK,,,,,,,,8 Monate,,2500 km,,,ADA,0,,0,deny,manual,1012,,FALSCH,WAHR
Volvo-V60-CC-D4-AWD-Automatik-Navigation-Vollleder-AHK,,,,,,,,9 Monate,,500 km,,,ADA,0,,0,deny,manual,774,,FALSCH,WAHR
Volvo-V60-CC-D4-AWD-Automatik-Navigation-Vollleder-AHK,,,,,,,,9 Monate,,1000 km,,,ADA,0,,0,deny,manual,833,,FALSCH,WAHR
Volvo-V60-CC-D4-AWD-Automatik-Navigation-Vollleder-AHK,,,,,,,,9 Monate,,1500 km,,,ADA,0,,0,deny,manual,891,,FALSCH,WAHR
Volvo-V60-CC-D4-AWD-Automatik-Navigation-Vollleder-AHK,,,,,,,,9 Monate,,2000 km,,,ADA,0,,0,deny,manual,950,,FALSCH,WAHR
Volvo-V60-CC-D4-AWD-Automatik-Navigation-Vollleder-AHK,,,,,,,,9 Monate,,2500 km,,,ADA,0,,0,deny,manual,1008,,FALSCH,WAHR
Volvo-V60-CC-D4-AWD-Automatik-Navigation-Vollleder-AHK,,,,,,,,10 Monate,,500 km,,,ADA,0,,0,deny,manual,771,,FALSCH,WAHR
Volvo-V60-CC-D4-AWD-Automatik-Navigation-Vollleder-AHK,,,,,,,,10 Monate,,1000 km,,,ADA,0,,0,deny,manual,830,,FALSCH,WAHR
Volvo-V60-CC-D4-AWD-Automatik-Navigation-Vollleder-AHK,,,,,,,,10 Monate,,1500 km,,,ADA,0,,0,deny,manual,888,,FALSCH,WAHR
Volvo-V60-CC-D4-AWD-Automatik-Navigation-Vollleder-AHK,,,,,,,,10 Monate,,2000 km,,,ADA,0,,0,deny,manual,947,,FALSCH,WAHR
Volvo-V60-CC-D4-AWD-Automatik-Navigation-Vollleder-AHK,,,,,,,,10 Monate,,2500 km,,,ADA,0,,0,deny,manual,1005,,FALSCH,WAHR
Volvo-V60-CC-D4-AWD-Automatik-Navigation-Vollleder-AHK,,,,,,,,11 Monate,,500 km,,,ADA,0,,0,deny,manual,769,,FALSCH,WAHR
Volvo-V60-CC-D4-AWD-Automatik-Navigation-Vollleder-AHK,,,,,,,,11 Monate,,1000 km,,,ADA,0,,0,deny,manual,827,,FALSCH,WAHR
Volvo-V60-CC-D4-AWD-Automatik-Navigation-Vollleder-AHK,,,,,,,,11 Monate,,1500 km,,,ADA,0,,0,deny,manual,886,,FALSCH,WAHR
Volvo-V60-CC-D4-AWD-Automatik-Navigation-Vollleder-AHK,,,,,,,,11 Monate,,2000 km,,,ADA,0,,0,deny,manual,944,,FALSCH,WAHR
Volvo-V60-CC-D4-AWD-Automatik-Navigation-Vollleder-AHK,,,,,,,,11 Monate,,2500 km,,,ADA,0,,0,deny,manual,1003,,FALSCH,WAHR
Volvo-V60-CC-D4-AWD-Automatik-Navigation-Vollleder-AHK,,,,,,,,12 Monate,,500 km,,,ADA,0,,0,deny,manual,767,,FALSCH,WAHR
Volvo-V60-CC-D4-AWD-Automatik-Navigation-Vollleder-AHK,,,,,,,,12 Monate,,1000 km,,,ADA,0,,0,deny,manual,825,,FALSCH,WAHR
Volvo-V60-CC-D4-AWD-Automatik-Navigation-Vollleder-AHK,,,,,,,,12 Monate,,1500 km,,,ADA,0,,0,deny,manual,884,,FALSCH,WAHR
Volvo-V60-CC-D4-AWD-Automatik-Navigation-Vollleder-AHK,,,,,,,,12 Monate,,2000 km,,,ADA,0,,0,deny,manual,942,,FALSCH,WAHR
Volvo-V60-CC-D4-AWD-Automatik-Navigation-Vollleder-AHK,,,,,,,,12 Monate,,2500 km,,,ADA,0,,0,deny,manual,1001,,FALSCH,WAHR
Volvo-V60-D3-Geartronic-Business-WinterPaket-Kamera,Volvo V60 D3 Geartronic Business WinterPaket Kamera,"<p>
<strong>Abholadresse</strong>
Persiusstrasse 7-8
10245 Berlin
Deutschland<br>
<strong>Fahrzeugzustand</strong>
Unfallfrei<br>
<strong>Kategorie</strong>
Kombi<br>
<strong>Herkunft</strong>
Deutsche Ausführung<br>
<strong>Kilometerstand</strong>
26.166 km<br>
<strong>Hubraum</strong>
1.969 cm³<br>
<strong>Leistung</strong>
110 kW (150 PS)<br>
<strong>Kraftstoffart</strong>
Diesel<br>
<strong>Verbrauch</strong><br>
ca. 4,6 l/100km (kombiniert)<br>
ca. 5,4 l/100km (innerorts)<br>
ca. 4,1 l/100km (außerorts)<br>
<strong>CO2-Emission</strong>
ca. 120 g/km (kombiniert)<br>
<strong>Anzahl der Türen</strong>
4/5<br>
<strong>Anzahl Sitzplätze</strong>
5<br>
<strong>Getriebe</strong>
Automatik<br>
<strong>Schadstoffklasse</strong>
Euro6d-TEMP<br>
<strong>Umweltplakette</strong>
4 (Grün)<br>
<strong>Erstzulassung</strong>
08/2019<br>
<strong>Anzahl der Fahrzeughalter</strong>
1<br>
<strong>HU</strong>
Neu<br>
<strong>Klimatisierung</strong>
2-Zonen-Klimaautomatik<br>
<strong>Farbe (Hersteller)</strong>
Birch Light 726<br>
<strong>Farbe</strong>
Beige Metallic<br>
<strong>Innenausstattung</strong>
Stoff, Andere<br>
<strong>Weitere Eigenschaften</strong><br>
ABS, Armlehne, Beheizbare Frontscheibe, Berganfahrassistent, Bordcomputer, Dachreling, Elektr. Fensterheber, Elektr. Seitenspiegel, Elektr. Wegfahrsperre, ESP, Fernlichtassistent, Garantie, Geschwindigkeitsbegrenzer, Isofix, Lederlenkrad, LED-Scheinwerfer, LED-Tagfahrlicht, Leichtmetallfelgen, Lichtsensor, Müdigkeitswarner, Multifunktionslenkrad, Navigationssystem, Nebelscheinwerfer, Nichtraucher-Fahrzeug, Notrad, Notrufsystem, Partikelfilter, Regensensor, Reifendruckkontrolle, Scheckheftgepflegt, Scheinwerferreinigung, Schlüssellose Zentralverriegelung, Servolenkung, Sitzheizung, Sprachsteuerung, Spurhalteassistent, Start/Stopp-Automatik, Tempomat, Touchscreen, Tuner/Radio, USB, Verkehrszeichenerkennung, WLAN / Wifi Hotspot, Zentralverriegelung
</p>",Volvo,,"Marke_Volvo, Typ_Kombi, Alter_maximal 2 Jahre,Alter_maximal 5 Jahre,Alter_Alle, Kilometerstand_maximal 50.000 km,Kilometerstand_maximal 80.000 km,Kilometerstand_maximal 100.000 km, Leistung_Alle, Schaltung_Automatik, Farbe_Beige, Kraftstoff_Diesel, Zustand_Gebraucht, Preis_Premium (ab 400 €)",WAHR,Deine Abo Dauer,3 Monate,Dein monatliches Kilometerpaket,500 km,,,ADA,0,,0,deny,manual,804,,FALSCH,WAHR,,https://i.ebayimg.com/00/s/NDI3WDY0MA==/z/TBEAAOSwae9erFo5/$_27.JPG,,https://i.ebayimg.com/00/s/NDI3WDY0MA==/z/xQ4AAOSw3PperFo5/$_27.JPG,1,https://i.ebayimg.com/00/s/NDI3WDY0MA==/z/GT4AAOSwbBxerFo5/$_27.JPG,2,https://i.ebayimg.com/00/s/NDI3WDY0MA==/z/ydoAAOSwP2ZerFo5/$_27.JPG,3,https://i.ebayimg.com/00/s/NDI3WDY0MA==/z/h2EAAOSwHoFerFo5/$_27.JPG,4,https://i.ebayimg.com/00/s/NDI3WDY0MA==/z/RHMAAOSwxOJerFo5/$_27.JPG,5,https://i.ebayimg.com/00/s/NDI3WDY0MA==/z/n5oAAOSwFoherFo5/$_27.JPG,6,https://i.ebayimg.com/00/s/NDI3WDY0MA==/z/3wkAAOSwTrZerFo5/$_27.JPG,7,https://i.ebayimg.com/00/s/NDI3WDY0MA==/z/r10AAOSwHiBerFo5/$_27.JPG,8,https://i.ebayimg.com/00/s/NDI3WDY0MA==/z/14MAAOSwfDVerFo5/$_27.JPG,9,https://i.ebayimg.com/00/s/NDI3WDY0MA==/z/Cp8AAOSwgrxerFo5/$_27.JPG,10,https://i.ebayimg.com/00/s/NDI3WDY0MA==/z/iMEAAOSw8j9erFo5/$_27.JPG,11,https://i.ebayimg.com/00/s/NDI3WDY0MA==/z/jwQAAOSwsw1erFo5/$_27.JPG,12,https://i.ebayimg.com/00/s/NDI3WDY0MA==/z/X~cAAOSwhQlerFo5/$_27.JPG,13,https://i.ebayimg.com/00/s/NDI3WDY0MA==/z/1cYAAOSwZ-RerFo5/$_27.JPG,14,https://i.ebayimg.com/00/s/NDI3WDY0MA==/z/TBEAAOSwae9erFo5/$_27.JPG,15,https://i.ebayimg.com/00/s/NDI3WDY0MA==/z/xQ4AAOSw3PperFo5/$_27.JPG,16,,,,,,,,,,,nil
Volvo-V60-D3-Geartronic-Business-WinterPaket-Kamera,,,,,,,,3 Monate,,1000 km,,,ADA,0,,0,deny,manual,863,,FALSCH,WAHR
Volvo-V60-D3-Geartronic-Business-WinterPaket-Kamera,,,,,,,,3 Monate,,1500 km,,,ADA,0,,0,deny,manual,923,,FALSCH,WAHR
Volvo-V60-D3-Geartronic-Business-WinterPaket-Kamera,,,,,,,,3 Monate,,2000 km,,,ADA,0,,0,deny,manual,983,,FALSCH,WAHR
Volvo-V60-D3-Geartronic-Business-WinterPaket-Kamera,,,,,,,,3 Monate,,2500 km,,,ADA,0,,0,deny,manual,1043,,FALSCH,WAHR
Volvo-V60-D3-Geartronic-Business-WinterPaket-Kamera,,,,,,,,4 Monate,,500 km,,,ADA,0,,0,deny,manual,793,,FALSCH,WAHR
Volvo-V60-D3-Geartronic-Business-WinterPaket-Kamera,,,,,,,,4 Monate,,1000 km,,,ADA,0,,0,deny,manual,852,,FALSCH,WAHR
Volvo-V60-D3-Geartronic-Business-WinterPaket-Kamera,,,,,,,,4 Monate,,1500 km,,,ADA,0,,0,deny,manual,912,,FALSCH,WAHR
Volvo-V60-D3-Geartronic-Business-WinterPaket-Kamera,,,,,,,,4 Monate,,2000 km,,,ADA,0,,0,deny,manual,972,,FALSCH,WAHR
Volvo-V60-D3-Geartronic-Business-WinterPaket-Kamera,,,,,,,,4 Monate,,2500 km,,,ADA,0,,0,deny,manual,1032,,FALSCH,WAHR
Volvo-V60-D3-Geartronic-Business-WinterPaket-Kamera,,,,,,,,5 Monate,,500 km,,,ADA,0,,0,deny,manual,786,,FALSCH,WAHR
Volvo-V60-D3-Geartronic-Business-WinterPaket-Kamera,,,,,,,,5 Monate,,1000 km,,,ADA,0,,0,deny,manual,846,,FALSCH,WAHR
Volvo-V60-D3-Geartronic-Business-WinterPaket-Kamera,,,,,,,,5 Monate,,1500 km,,,ADA,0,,0,deny,manual,906,,FALSCH,WAHR
Volvo-V60-D3-Geartronic-Business-WinterPaket-Kamera,,,,,,,,5 Monate,,2000 km,,,ADA,0,,0,deny,manual,965,,FALSCH,WAHR
Volvo-V60-D3-Geartronic-Business-WinterPaket-Kamera,,,,,,,,5 Monate,,2500 km,,,ADA,0,,0,deny,manual,1025,,FALSCH,WAHR
Volvo-V60-D3-Geartronic-Business-WinterPaket-Kamera,,,,,,,,6 Monate,,500 km,,,ADA,0,,0,deny,manual,782,,FALSCH,WAHR
Volvo-V60-D3-Geartronic-Business-WinterPaket-Kamera,,,,,,,,6 Monate,,1000 km,,,ADA,0,,0,deny,manual,842,,FALSCH,WAHR
Volvo-V60-D3-Geartronic-Business-WinterPaket-Kamera,,,,,,,,6 Monate,,1500 km,,,ADA,0,,0,deny,manual,901,,FALSCH,WAHR
Volvo-V60-D3-Geartronic-Business-WinterPaket-Kamera,,,,,,,,6 Monate,,2000 km,,,ADA,0,,0,deny,manual,961,,FALSCH,WAHR
Volvo-V60-D3-Geartronic-Business-WinterPaket-Kamera,,,,,,,,6 Monate,,2500 km,,,ADA,0,,0,deny,manual,1042,,FALSCH,WAHR
Volvo-V60-D3-Geartronic-Business-WinterPaket-Kamera,,,,,,,,7 Monate,,500 km,,,ADA,0,,0,deny,manual,797,,FALSCH,WAHR
Volvo-V60-D3-Geartronic-Business-WinterPaket-Kamera,,,,,,,,7 Monate,,1000 km,,,ADA,0,,0,deny,manual,857,,FALSCH,WAHR
Volvo-V60-D3-Geartronic-Business-WinterPaket-Kamera,,,,,,,,7 Monate,,1500 km,,,ADA,0,,0,deny,manual,917,,FALSCH,WAHR
Volvo-V60-D3-Geartronic-Business-WinterPaket-Kamera,,,,,,,,7 Monate,,2000 km,,,ADA,0,,0,deny,manual,976,,FALSCH,WAHR
Volvo-V60-D3-Geartronic-Business-WinterPaket-Kamera,,,,,,,,7 Monate,,2500 km,,,ADA,0,,0,deny,manual,1036,,FALSCH,WAHR
Volvo-V60-D3-Geartronic-Business-WinterPaket-Kamera,,,,,,,,8 Monate,,500 km,,,ADA,0,,0,deny,manual,793,,FALSCH,WAHR
Volvo-V60-D3-Geartronic-Business-WinterPaket-Kamera,,,,,,,,8 Monate,,1000 km,,,ADA,0,,0,deny,manual,852,,FALSCH,WAHR
Volvo-V60-D3-Geartronic-Business-WinterPaket-Kamera,,,,,,,,8 Monate,,1500 km,,,ADA,0,,0,deny,manual,912,,FALSCH,WAHR
Volvo-V60-D3-Geartronic-Business-WinterPaket-Kamera,,,,,,,,8 Monate,,2000 km,,,ADA,0,,0,deny,manual,972,,FALSCH,WAHR
Volvo-V60-D3-Geartronic-Business-WinterPaket-Kamera,,,,,,,,8 Monate,,2500 km,,,ADA,0,,0,deny,manual,1032,,FALSCH,WAHR
Volvo-V60-D3-Geartronic-Business-WinterPaket-Kamera,,,,,,,,9 Monate,,500 km,,,ADA,0,,0,deny,manual,789,,FALSCH,WAHR
Volvo-V60-D3-Geartronic-Business-WinterPaket-Kamera,,,,,,,,9 Monate,,1000 km,,,ADA,0,,0,deny,manual,849,,FALSCH,WAHR
Volvo-V60-D3-Geartronic-Business-WinterPaket-Kamera,,,,,,,,9 Monate,,1500 km,,,ADA,0,,0,deny,manual,908,,FALSCH,WAHR
Volvo-V60-D3-Geartronic-Business-WinterPaket-Kamera,,,,,,,,9 Monate,,2000 km,,,ADA,0,,0,deny,manual,968,,FALSCH,WAHR
Volvo-V60-D3-Geartronic-Business-WinterPaket-Kamera,,,,,,,,9 Monate,,2500 km,,,ADA,0,,0,deny,manual,1028,,FALSCH,WAHR
Volvo-V60-D3-Geartronic-Business-WinterPaket-Kamera,,,,,,,,10 Monate,,500 km,,,ADA,0,,0,deny,manual,786,,FALSCH,WAHR
Volvo-V60-D3-Geartronic-Business-WinterPaket-Kamera,,,,,,,,10 Monate,,1000 km,,,ADA,0,,0,deny,manual,846,,FALSCH,WAHR
Volvo-V60-D3-Geartronic-Business-WinterPaket-Kamera,,,,,,,,10 Monate,,1500 km,,,ADA,0,,0,deny,manual,906,,FALSCH,WAHR
Volvo-V60-D3-Geartronic-Business-WinterPaket-Kamera,,,,,,,,10 Monate,,2000 km,,,ADA,0,,0,deny,manual,965,,FALSCH,WAHR
Volvo-V60-D3-Geartronic-Business-WinterPaket-Kamera,,,,,,,,10 Monate,,2500 km,,,ADA,0,,0,deny,manual,1025,,FALSCH,WAHR
Volvo-V60-D3-Geartronic-Business-WinterPaket-Kamera,,,,,,,,11 Monate,,500 km,,,ADA,0,,0,deny,manual,784,,FALSCH,WAHR
Volvo-V60-D3-Geartronic-Business-WinterPaket-Kamera,,,,,,,,11 Monate,,1000 km,,,ADA,0,,0,deny,manual,843,,FALSCH,WAHR
Volvo-V60-D3-Geartronic-Business-WinterPaket-Kamera,,,,,,,,11 Monate,,1500 km,,,ADA,0,,0,deny,manual,903,,FALSCH,WAHR
Volvo-V60-D3-Geartronic-Business-WinterPaket-Kamera,,,,,,,,11 Monate,,2000 km,,,ADA,0,,0,deny,manual,963,,FALSCH,WAHR
Volvo-V60-D3-Geartronic-Business-WinterPaket-Kamera,,,,,,,,11 Monate,,2500 km,,,ADA,0,,0,deny,manual,1023,,FALSCH,WAHR
Volvo-V60-D3-Geartronic-Business-WinterPaket-Kamera,,,,,,,,12 Monate,,500 km,,,ADA,0,,0,deny,manual,782,,FALSCH,WAHR
Volvo-V60-D3-Geartronic-Business-WinterPaket-Kamera,,,,,,,,12 Monate,,1000 km,,,ADA,0,,0,deny,manual,841,,FALSCH,WAHR
Volvo-V60-D3-Geartronic-Business-WinterPaket-Kamera,,,,,,,,12 Monate,,1500 km,,,ADA,0,,0,deny,manual,901,,FALSCH,WAHR
Volvo-V60-D3-Geartronic-Business-WinterPaket-Kamera,,,,,,,,12 Monate,,2000 km,,,ADA,0,,0,deny,manual,961,,FALSCH,WAHR
Volvo-V60-D3-Geartronic-Business-WinterPaket-Kamera,,,,,,,,12 Monate,,2500 km,,,ADA,0,,0,deny,manual,1021,,FALSCH,WAHR
Volvo-V60-D3-Geartronic-Kamera-Winter-BusinessP.-PDC,Volvo V60 D3 Geartronic Kamera Winter BusinessP. PDC,"<p>
<strong>Abholadresse</strong>
Persiusstrasse 7-8
10245 Berlin
Deutschland<br>
<strong>Fahrzeugzustand</strong>
Unfallfrei<br>
<strong>Kategorie</strong>
Kombi<br>
<strong>Herkunft</strong>
Deutsche Ausführung<br>
<strong>Kilometerstand</strong>
26.488 km<br>
<strong>Hubraum</strong>
1.969 cm³<br>
<strong>Leistung</strong>
110 kW (150 PS)<br>
<strong>Kraftstoffart</strong>
Diesel<br>
<strong>Verbrauch</strong><br>
ca. 4,6 l/100km (kombiniert)<br>
ca. 5,4 l/100km (innerorts)<br>
ca. 4,1 l/100km (außerorts)<br>
<strong>CO2-Emission</strong>
ca. 120 g/km (kombiniert)<br>
<strong>Anzahl der Türen</strong>
4/5<br>
<strong>Anzahl Sitzplätze</strong>
5<br>
<strong>Getriebe</strong>
Automatik<br>
<strong>Schadstoffklasse</strong>
Euro6d-TEMP<br>
<strong>Umweltplakette</strong>
4 (Grün)<br>
<strong>Erstzulassung</strong>
08/2019<br>
<strong>Anzahl der Fahrzeughalter</strong>
1<br>
<strong>HU</strong>
Neu<br>
<strong>Klimatisierung</strong>
2-Zonen-Klimaautomatik<br>
<strong>Farbe (Hersteller)</strong>
Onyx Black<br>
<strong>Farbe</strong>
Schwarz Metallic<br>
<strong>Innenausstattung</strong>
Stoff, Andere<br>
<strong>Weitere Eigenschaften</strong><br>
ABS, Armlehne, Beheizbare Frontscheibe, Berganfahrassistent, Bordcomputer, Dachreling, Elektr. Fensterheber, Elektr. Seitenspiegel, Elektr. Wegfahrsperre, ESP, Fernlichtassistent, Garantie, Geschwindigkeitsbegrenzer, Isofix, Lederlenkrad, LED-Scheinwerfer, LED-Tagfahrlicht, Leichtmetallfelgen, Lichtsensor, Müdigkeitswarner, Multifunktionslenkrad, Navigationssystem, Nebelscheinwerfer, Nichtraucher-Fahrzeug, Notrad, Notrufsystem, Partikelfilter, Regensensor, Reifendruckkontrolle, Scheckheftgepflegt, Scheinwerferreinigung, Schlüssellose Zentralverriegelung, Servolenkung, Sitzheizung, Sprachsteuerung, Spurhalteassistent, Start/Stopp-Automatik, Tempomat, Touchscreen, Traktionskontrolle, Tuner/Radio, USB, Verkehrszeichenerkennung, Volldigitales Kombiinstrument, WLAN / Wifi Hotspot, Zentralverriegelung
</p>",Volvo,,"Marke_Volvo, Typ_Kombi, Alter_maximal 2 Jahre,Alter_maximal 5 Jahre,Alter_Alle, Kilometerstand_maximal 50.000 km,Kilometerstand_maximal 80.000 km,Kilometerstand_maximal 100.000 km, Leistung_Alle, Schaltung_Automatik, Farbe_Schwarz, Kraftstoff_Diesel, Zustand_Gebraucht, Preis_Premium (ab 400 €)",WAHR,Deine Abo Dauer,3 Monate,Dein monatliches Kilometerpaket,500 km,,,ADA,0,,0,deny,manual,804,,FALSCH,WAHR,,https://i.ebayimg.com/00/s/NDI3WDY0MA==/z/3AQAAOSwIZ5fCfMK/$_27.JPG,,https://i.ebayimg.com/00/s/NDI3WDY0MA==/z/uWcAAOSwUmxfCfMK/$_27.JPG,1,https://i.ebayimg.com/00/s/NDI3WDY0MA==/z/dHIAAOSwUGlfCfMK/$_27.JPG,2,https://i.ebayimg.com/00/s/NDI3WDY0MA==/z/ZQkAAOSwTKVfCfMK/$_27.JPG,3,https://i.ebayimg.com/00/s/NDI3WDY0MA==/z/nQoAAOSwkJJfCfMK/$_27.JPG,4,https://i.ebayimg.com/00/s/NDI3WDY0MA==/z/vt8AAOSwTR1fCfMK/$_27.JPG,5,https://i.ebayimg.com/00/s/NDI3WDY0MA==/z/5KcAAOSwoQ5fCfMK/$_27.JPG,6,https://i.ebayimg.com/00/s/NDI3WDY0MA==/z/8Z0AAOSwrx5fCfMK/$_27.JPG,7,https://i.ebayimg.com/00/s/NDI3WDY0MA==/z/uR8AAOSwsktfCfMK/$_27.JPG,8,https://i.ebayimg.com/00/s/NDI3WDY0MA==/z/ppMAAOSwcSpfCfMK/$_27.JPG,9,https://i.ebayimg.com/00/s/NDI3WDY0MA==/z/9h0AAOSw46tfCfMK/$_27.JPG,10,https://i.ebayimg.com/00/s/NDI3WDY0MA==/z/klUAAOSwEYNfCfMK/$_27.JPG,11,https://i.ebayimg.com/00/s/NDI3WDY0MA==/z/vwwAAOSwo3xfCfMK/$_27.JPG,12,https://i.ebayimg.com/00/s/NDI3WDY0MA==/z/KwsAAOSwQClfCfMK/$_27.JPG,13,https://i.ebayimg.com/00/s/NDI3WDY0MA==/z/c3QAAOSwN5xfCfMK/$_27.JPG,14,https://i.ebayimg.com/00/s/NDI3WDY0MA==/z/3AQAAOSwIZ5fCfMK/$_27.JPG,15,https://i.ebayimg.com/00/s/NDI3WDY0MA==/z/uWcAAOSwUmxfCfMK/$_27.JPG,16,,,,,,,,,,,nil
Volvo-V60-D3-Geartronic-Kamera-Winter-BusinessP.-PDC,,,,,,,,3 Monate,,1000 km,,,ADA,0,,0,deny,manual,863,,FALSCH,WAHR
Volvo-V60-D3-Geartronic-Kamera-Winter-BusinessP.-PDC,,,,,,,,3 Monate,,1500 km,,,ADA,0,,0,deny,manual,923,,FALSCH,WAHR
Volvo-V60-D3-Geartronic-Kamera-Winter-BusinessP.-PDC,,,,,,,,3 Monate,,2000 km,,,ADA,0,,0,deny,manual,983,,FALSCH,WAHR
Volvo-V60-D3-Geartronic-Kamera-Winter-BusinessP.-PDC,,,,,,,,3 Monate,,2500 km,,,ADA,0,,0,deny,manual,1043,,FALSCH,WAHR
Volvo-V60-D3-Geartronic-Kamera-Winter-BusinessP.-PDC,,,,,,,,4 Monate,,500 km,,,ADA,0,,0,deny,manual,793,,FALSCH,WAHR
Volvo-V60-D3-Geartronic-Kamera-Winter-BusinessP.-PDC,,,,,,,,4 Monate,,1000 km,,,ADA,0,,0,deny,manual,852,,FALSCH,WAHR
Volvo-V60-D3-Geartronic-Kamera-Winter-BusinessP.-PDC,,,,,,,,4 Monate,,1500 km,,,ADA,0,,0,deny,manual,912,,FALSCH,WAHR
Volvo-V60-D3-Geartronic-Kamera-Winter-BusinessP.-PDC,,,,,,,,4 Monate,,2000 km,,,ADA,0,,0,deny,manual,972,,FALSCH,WAHR
Volvo-V60-D3-Geartronic-Kamera-Winter-BusinessP.-PDC,,,,,,,,4 Monate,,2500 km,,,ADA,0,,0,deny,manual,1032,,FALSCH,WAHR
Volvo-V60-D3-Geartronic-Kamera-Winter-BusinessP.-PDC,,,,,,,,5 Monate,,500 km,,,ADA,0,,0,deny,manual,786,,FALSCH,WAHR
Volvo-V60-D3-Geartronic-Kamera-Winter-BusinessP.-PDC,,,,,,,,5 Monate,,1000 km,,,ADA,0,,0,deny,manual,846,,FALSCH,WAHR
Volvo-V60-D3-Geartronic-Kamera-Winter-BusinessP.-PDC,,,,,,,,5 Monate,,1500 km,,,ADA,0,,0,deny,manual,906,,FALSCH,WAHR
Volvo-V60-D3-Geartronic-Kamera-Winter-BusinessP.-PDC,,,,,,,,5 Monate,,2000 km,,,ADA,0,,0,deny,manual,965,,FALSCH,WAHR
Volvo-V60-D3-Geartronic-Kamera-Winter-BusinessP.-PDC,,,,,,,,5 Monate,,2500 km,,,ADA,0,,0,deny,manual,1025,,FALSCH,WAHR
Volvo-V60-D3-Geartronic-Kamera-Winter-BusinessP.-PDC,,,,,,,,6 Monate,,500 km,,,ADA,0,,0,deny,manual,782,,FALSCH,WAHR
Volvo-V60-D3-Geartronic-Kamera-Winter-BusinessP.-PDC,,,,,,,,6 Monate,,1000 km,,,ADA,0,,0,deny,manual,842,,FALSCH,WAHR
Volvo-V60-D3-Geartronic-Kamera-Winter-BusinessP.-PDC,,,,,,,,6 Monate,,1500 km,,,ADA,0,,0,deny,manual,901,,FALSCH,WAHR
Volvo-V60-D3-Geartronic-Kamera-Winter-BusinessP.-PDC,,,,,,,,6 Monate,,2000 km,,,ADA,0,,0,deny,manual,961,,FALSCH,WAHR
Volvo-V60-D3-Geartronic-Kamera-Winter-BusinessP.-PDC,,,,,,,,6 Monate,,2500 km,,,ADA,0,,0,deny,manual,1042,,FALSCH,WAHR
Volvo-V60-D3-Geartronic-Kamera-Winter-BusinessP.-PDC,,,,,,,,7 Monate,,500 km,,,ADA,0,,0,deny,manual,797,,FALSCH,WAHR
Volvo-V60-D3-Geartronic-Kamera-Winter-BusinessP.-PDC,,,,,,,,7 Monate,,1000 km,,,ADA,0,,0,deny,manual,857,,FALSCH,WAHR
Volvo-V60-D3-Geartronic-Kamera-Winter-BusinessP.-PDC,,,,,,,,7 Monate,,1500 km,,,ADA,0,,0,deny,manual,917,,FALSCH,WAHR
Volvo-V60-D3-Geartronic-Kamera-Winter-BusinessP.-PDC,,,,,,,,7 Monate,,2000 km,,,ADA,0,,0,deny,manual,976,,FALSCH,WAHR
Volvo-V60-D3-Geartronic-Kamera-Winter-BusinessP.-PDC,,,,,,,,7 Monate,,2500 km,,,ADA,0,,0,deny,manual,1036,,FALSCH,WAHR
Volvo-V60-D3-Geartronic-Kamera-Winter-BusinessP.-PDC,,,,,,,,8 Monate,,500 km,,,ADA,0,,0,deny,manual,793,,FALSCH,WAHR
Volvo-V60-D3-Geartronic-Kamera-Winter-BusinessP.-PDC,,,,,,,,8 Monate,,1000 km,,,ADA,0,,0,deny,manual,852,,FALSCH,WAHR
Volvo-V60-D3-Geartronic-Kamera-Winter-BusinessP.-PDC,,,,,,,,8 Monate,,1500 km,,,ADA,0,,0,deny,manual,912,,FALSCH,WAHR
Volvo-V60-D3-Geartronic-Kamera-Winter-BusinessP.-PDC,,,,,,,,8 Monate,,2000 km,,,ADA,0,,0,deny,manual,972,,FALSCH,WAHR
Volvo-V60-D3-Geartronic-Kamera-Winter-BusinessP.-PDC,,,,,,,,8 Monate,,2500 km,,,ADA,0,,0,deny,manual,1032,,FALSCH,WAHR
Volvo-V60-D3-Geartronic-Kamera-Winter-BusinessP.-PDC,,,,,,,,9 Monate,,500 km,,,ADA,0,,0,deny,manual,789,,FALSCH,WAHR
Volvo-V60-D3-Geartronic-Kamera-Winter-BusinessP.-PDC,,,,,,,,9 Monate,,1000 km,,,ADA,0,,0,deny,manual,849,,FALSCH,WAHR
Volvo-V60-D3-Geartronic-Kamera-Winter-BusinessP.-PDC,,,,,,,,9 Monate,,1500 km,,,ADA,0,,0,deny,manual,908,,FALSCH,WAHR
Volvo-V60-D3-Geartronic-Kamera-Winter-BusinessP.-PDC,,,,,,,,9 Monate,,2000 km,,,ADA,0,,0,deny,manual,968,,FALSCH,WAHR
Volvo-V60-D3-Geartronic-Kamera-Winter-BusinessP.-PDC,,,,,,,,9 Monate,,2500 km,,,ADA,0,,0,deny,manual,1028,,FALSCH,WAHR
Volvo-V60-D3-Geartronic-Kamera-Winter-BusinessP.-PDC,,,,,,,,10 Monate,,500 km,,,ADA,0,,0,deny,manual,786,,FALSCH,WAHR
Volvo-V60-D3-Geartronic-Kamera-Winter-BusinessP.-PDC,,,,,,,,10 Monate,,1000 km,,,ADA,0,,0,deny,manual,846,,FALSCH,WAHR
Volvo-V60-D3-Geartronic-Kamera-Winter-BusinessP.-PDC,,,,,,,,10 Monate,,1500 km,,,ADA,0,,0,deny,manual,906,,FALSCH,WAHR
Volvo-V60-D3-Geartronic-Kamera-Winter-BusinessP.-PDC,,,,,,,,10 Monate,,2000 km,,,ADA,0,,0,deny,manual,965,,FALSCH,WAHR
Volvo-V60-D3-Geartronic-Kamera-Winter-BusinessP.-PDC,,,,,,,,10 Monate,,2500 km,,,ADA,0,,0,deny,manual,1025,,FALSCH,WAHR
Volvo-V60-D3-Geartronic-Kamera-Winter-BusinessP.-PDC,,,,,,,,11 Monate,,500 km,,,ADA,0,,0,deny,manual,784,,FALSCH,WAHR
Volvo-V60-D3-Geartronic-Kamera-Winter-BusinessP.-PDC,,,,,,,,11 Monate,,1000 km,,,ADA,0,,0,deny,manual,843,,FALSCH,WAHR
Volvo-V60-D3-Geartronic-Kamera-Winter-BusinessP.-PDC,,,,,,,,11 Monate,,1500 km,,,ADA,0,,0,deny,manual,903,,FALSCH,WAHR
Volvo-V60-D3-Geartronic-Kamera-Winter-BusinessP.-PDC,,,,,,,,11 Monate,,2000 km,,,ADA,0,,0,deny,manual,963,,FALSCH,WAHR
Volvo-V60-D3-Geartronic-Kamera-Winter-BusinessP.-PDC,,,,,,,,11 Monate,,2500 km,,,ADA,0,,0,deny,manual,1023,,FALSCH,WAHR
Volvo-V60-D3-Geartronic-Kamera-Winter-BusinessP.-PDC,,,,,,,,12 Monate,,500 km,,,ADA,0,,0,deny,manual,782,,FALSCH,WAHR
Volvo-V60-D3-Geartronic-Kamera-Winter-BusinessP.-PDC,,,,,,,,12 Monate,,1000 km,,,ADA,0,,0,deny,manual,841,,FALSCH,WAHR
Volvo-V60-D3-Geartronic-Kamera-Winter-BusinessP.-PDC,,,,,,,,12 Monate,,1500 km,,,ADA,0,,0,deny,manual,901,,FALSCH,WAHR
Volvo-V60-D3-Geartronic-Kamera-Winter-BusinessP.-PDC,,,,,,,,12 Monate,,2000 km,,,ADA,0,,0,deny,manual,961,,FALSCH,WAHR
Volvo-V60-D3-Geartronic-Kamera-Winter-BusinessP.-PDC,,,,,,,,12 Monate,,2500 km,,,ADA,0,,0,deny,manual,1021,,FALSCH,WAHR
Volvo-V90-D4-Momentum-Geartonic-BLIS-Standh.-Kamera---,Volvo V90 D4 Momentum Geartonic BLIS Standh. Kamera   ,"<p>
<strong>Abholadresse</strong>
Persiusstrasse 7-8
10245 Berlin
Deutschland<br>
<strong>Fahrzeugzustand</strong>
<br>
<strong>Kategorie</strong>
Kombi<br>
<strong>Herkunft</strong>
EU-Ausführung<br>
<strong>Kilometerstand</strong>
44.865 km<br>
<strong>Hubraum</strong>
1.969 cm³<br>
<strong>Leistung</strong>
140 kW (190 PS)<br>
<strong>Kraftstoffart</strong>
Diesel<br>
<strong>Verbrauch</strong><br>
ca. 4,5 l/100km (kombiniert)<br>
ca. 5,2 l/100km (innerorts)<br>
ca. 4,1 l/100km (außerorts)<br>
<strong>CO2-Emission</strong>
ca. 119 g/km (kombiniert)<br>
<strong>Anzahl der Türen</strong>
4/5<br>
<strong>Anzahl Sitzplätze</strong>
5<br>
<strong>Getriebe</strong>
Automatik<br>
<strong>Schadstoffklasse</strong>
<br>
<strong>Umweltplakette</strong>
4 (Grün)<br>
<strong>Erstzulassung</strong>
01/2018<br>
<strong>Anzahl der Fahrzeughalter</strong>
1<br>
<strong>HU</strong>
Neu<br>
<strong>Klimatisierung</strong>
2-Zonen-Klimaautomatik<br>
<strong>Farbe (Hersteller)</strong>
Savile Grau 492<br>
<strong>Farbe</strong>
Grau Metallic<br>
<strong>Innenausstattung</strong>
Vollleder, Andere<br>
<strong>Weitere Eigenschaften</strong><br>
ABS, Abstandstempomat, Abstandswarner, Adaptives Kurvenlicht, Alarmanlage, Ambiente-Beleuchtung, Anhängerkupplung schwenkbar, Armlehne, Beheizbares Lenkrad, Berganfahrassistent, Bordcomputer, Dachreling, Elektr. Fensterheber, Elektr. Heckklappe, Elektr. Seitenspiegel, Elektr. Wegfahrsperre, ESP, Fernlichtassistent, Garantie, Geschwindigkeitsbegrenzer, Innenspiegel autom. abblendend, Isofix, Lederlenkrad, LED-Scheinwerfer, LED-Tagfahrlicht, Leichtmetallfelgen, Lichtsensor, Lordosenstütze, Müdigkeitswarner, Multifunktionslenkrad, Navigationssystem, Nebelscheinwerfer, Nichtraucher-Fahrzeug, Notrufsystem, Pannenkit, Partikelfilter, Regensensor, Reifendruckkontrolle, Scheckheftgepflegt, Scheinwerferreinigung, Schlüssellose Zentralverriegelung, Servolenkung, Sitzheizung, Sitzheizung hinten, Soundsystem, Sprachsteuerung, Spurhalteassistent, Standheizung, Start/Stopp-Automatik, Totwinkel-Assistent, Touchscreen, Traktionskontrolle, Tuner/Radio, USB, Verkehrszeichenerkennung, Volldigitales Kombiinstrument, WLAN / Wifi Hotspot, Zentralverriegelung
</p>",Volvo,,"Marke_Volvo, Typ_Kombi, Alter_maximal 5 Jahre,Alter_Alle, Kilometerstand_maximal 50.000 km,Kilometerstand_maximal 80.000 km,Kilometerstand_maximal 100.000 km, Leistung_150 bis 200 PS,Leistung_Alle, Schaltung_Automatik, Farbe_Grau, Kraftstoff_Diesel, Zustand_Gebraucht, Preis_Premium (ab 400 €)",WAHR,Deine Abo Dauer,3 Monate,Dein monatliches Kilometerpaket,500 km,,,ADA,0,,0,deny,manual,824,,FALSCH,WAHR,,https://i.ebayimg.com/00/s/NDI3WDY0MA==/z/WBkAAOSwrrlfHbkX/$_27.JPG,,https://i.ebayimg.com/00/s/NDI3WDY0MA==/z/JUMAAOSw8gVfHbkX/$_27.JPG,1,https://i.ebayimg.com/00/s/NDI3WDY0MA==/z/21oAAOSw~spfHbkW/$_27.JPG,2,https://i.ebayimg.com/00/s/NDI3WDY0MA==/z/LVUAAOSwL0pfHbkX/$_27.JPG,3,https://i.ebayimg.com/00/s/NDI3WDY0MA==/z/oJ4AAOSwcQNfHbkX/$_27.JPG,4,https://i.ebayimg.com/00/s/NDI3WDY0MA==/z/pEoAAOSwY6lfHbkX/$_27.JPG,5,https://i.ebayimg.com/00/s/NDI3WDY0MA==/z/KWUAAOSwrItfHbkX/$_27.JPG,6,https://i.ebayimg.com/00/s/NDI3WDY0MA==/z/lOcAAOSwU31fHbkX/$_27.JPG,7,https://i.ebayimg.com/00/s/NDI3WDY0MA==/z/wacAAOSwCx1fHbkX/$_27.JPG,8,https://i.ebayimg.com/00/s/NDI3WDY0MA==/z/mcoAAOSwmy1fHbkX/$_27.JPG,9,https://i.ebayimg.com/00/s/NDI3WDY0MA==/z/5SIAAOSw2oxfHbkX/$_27.JPG,10,https://i.ebayimg.com/00/s/NDI3WDY0MA==/z/~xIAAOSwlGxfHbkX/$_27.JPG,11,https://i.ebayimg.com/00/s/NDI3WDY0MA==/z/ONcAAOSwkDVfHbkX/$_27.JPG,12,https://i.ebayimg.com/00/s/NDI3WDY0MA==/z/a08AAOSwd3FfHbkX/$_27.JPG,13,https://i.ebayimg.com/00/s/NDI3WDY0MA==/z/XuEAAOSwGOlfHbkX/$_27.JPG,14,https://i.ebayimg.com/00/s/NDI3WDY0MA==/z/WBkAAOSwrrlfHbkX/$_27.JPG,15,https://i.ebayimg.com/00/s/NDI3WDY0MA==/z/JUMAAOSw8gVfHbkX/$_27.JPG,16,,,,,,,,,,,nil
Volvo-V90-D4-Momentum-Geartonic-BLIS-Standh.-Kamera---,,,,,,,,3 Monate,,1000 km,,,ADA,0,,0,deny,manual,887,,FALSCH,WAHR
Volvo-V90-D4-Momentum-Geartonic-BLIS-Standh.-Kamera---,,,,,,,,3 Monate,,1500 km,,,ADA,0,,0,deny,manual,950,,FALSCH,WAHR
Volvo-V90-D4-Momentum-Geartonic-BLIS-Standh.-Kamera---,,,,,,,,3 Monate,,2000 km,,,ADA,0,,0,deny,manual,1013,,FALSCH,WAHR
Volvo-V90-D4-Momentum-Geartonic-BLIS-Standh.-Kamera---,,,,,,,,3 Monate,,2500 km,,,ADA,0,,0,deny,manual,1076,,FALSCH,WAHR
Volvo-V90-D4-Momentum-Geartonic-BLIS-Standh.-Kamera---,,,,,,,,4 Monate,,500 km,,,ADA,0,,0,deny,manual,813,,FALSCH,WAHR
Volvo-V90-D4-Momentum-Geartonic-BLIS-Standh.-Kamera---,,,,,,,,4 Monate,,1000 km,,,ADA,0,,0,deny,manual,876,,FALSCH,WAHR
Volvo-V90-D4-Momentum-Geartonic-BLIS-Standh.-Kamera---,,,,,,,,4 Monate,,1500 km,,,ADA,0,,0,deny,manual,939,,FALSCH,WAHR
Volvo-V90-D4-Momentum-Geartonic-BLIS-Standh.-Kamera---,,,,,,,,4 Monate,,2000 km,,,ADA,0,,0,deny,manual,1002,,FALSCH,WAHR
Volvo-V90-D4-Momentum-Geartonic-BLIS-Standh.-Kamera---,,,,,,,,4 Monate,,2500 km,,,ADA,0,,0,deny,manual,1065,,FALSCH,WAHR
Volvo-V90-D4-Momentum-Geartonic-BLIS-Standh.-Kamera---,,,,,,,,5 Monate,,500 km,,,ADA,0,,0,deny,manual,806,,FALSCH,WAHR
Volvo-V90-D4-Momentum-Geartonic-BLIS-Standh.-Kamera---,,,,,,,,5 Monate,,1000 km,,,ADA,0,,0,deny,manual,869,,FALSCH,WAHR
Volvo-V90-D4-Momentum-Geartonic-BLIS-Standh.-Kamera---,,,,,,,,5 Monate,,1500 km,,,ADA,0,,0,deny,manual,932,,FALSCH,WAHR
Volvo-V90-D4-Momentum-Geartonic-BLIS-Standh.-Kamera---,,,,,,,,5 Monate,,2000 km,,,ADA,0,,0,deny,manual,995,,FALSCH,WAHR
Volvo-V90-D4-Momentum-Geartonic-BLIS-Standh.-Kamera---,,,,,,,,5 Monate,,2500 km,,,ADA,0,,0,deny,manual,1058,,FALSCH,WAHR
Volvo-V90-D4-Momentum-Geartonic-BLIS-Standh.-Kamera---,,,,,,,,6 Monate,,500 km,,,ADA,0,,0,deny,manual,802,,FALSCH,WAHR
Volvo-V90-D4-Momentum-Geartonic-BLIS-Standh.-Kamera---,,,,,,,,6 Monate,,1000 km,,,ADA,0,,0,deny,manual,865,,FALSCH,WAHR
Volvo-V90-D4-Momentum-Geartonic-BLIS-Standh.-Kamera---,,,,,,,,6 Monate,,1500 km,,,ADA,0,,0,deny,manual,928,,FALSCH,WAHR
Volvo-V90-D4-Momentum-Geartonic-BLIS-Standh.-Kamera---,,,,,,,,6 Monate,,2000 km,,,ADA,0,,0,deny,manual,991,,FALSCH,WAHR
Volvo-V90-D4-Momentum-Geartonic-BLIS-Standh.-Kamera---,,,,,,,,6 Monate,,2500 km,,,ADA,0,,0,deny,manual,1076,,FALSCH,WAHR
Volvo-V90-D4-Momentum-Geartonic-BLIS-Standh.-Kamera---,,,,,,,,7 Monate,,500 km,,,ADA,0,,0,deny,manual,818,,FALSCH,WAHR
Volvo-V90-D4-Momentum-Geartonic-BLIS-Standh.-Kamera---,,,,,,,,7 Monate,,1000 km,,,ADA,0,,0,deny,manual,881,,FALSCH,WAHR
Volvo-V90-D4-Momentum-Geartonic-BLIS-Standh.-Kamera---,,,,,,,,7 Monate,,1500 km,,,ADA,0,,0,deny,manual,943,,FALSCH,WAHR
Volvo-V90-D4-Momentum-Geartonic-BLIS-Standh.-Kamera---,,,,,,,,7 Monate,,2000 km,,,ADA,0,,0,deny,manual,1006,,FALSCH,WAHR
Volvo-V90-D4-Momentum-Geartonic-BLIS-Standh.-Kamera---,,,,,,,,7 Monate,,2500 km,,,ADA,0,,0,deny,manual,1069,,FALSCH,WAHR
Volvo-V90-D4-Momentum-Geartonic-BLIS-Standh.-Kamera---,,,,,,,,8 Monate,,500 km,,,ADA,0,,0,deny,manual,813,,FALSCH,WAHR
Volvo-V90-D4-Momentum-Geartonic-BLIS-Standh.-Kamera---,,,,,,,,8 Monate,,1000 km,,,ADA,0,,0,deny,manual,876,,FALSCH,WAHR
Volvo-V90-D4-Momentum-Geartonic-BLIS-Standh.-Kamera---,,,,,,,,8 Monate,,1500 km,,,ADA,0,,0,deny,manual,939,,FALSCH,WAHR
Volvo-V90-D4-Momentum-Geartonic-BLIS-Standh.-Kamera---,,,,,,,,8 Monate,,2000 km,,,ADA,0,,0,deny,manual,1002,,FALSCH,WAHR
Volvo-V90-D4-Momentum-Geartonic-BLIS-Standh.-Kamera---,,,,,,,,8 Monate,,2500 km,,,ADA,0,,0,deny,manual,1065,,FALSCH,WAHR
Volvo-V90-D4-Momentum-Geartonic-BLIS-Standh.-Kamera---,,,,,,,,9 Monate,,500 km,,,ADA,0,,0,deny,manual,809,,FALSCH,WAHR
Volvo-V90-D4-Momentum-Geartonic-BLIS-Standh.-Kamera---,,,,,,,,9 Monate,,1000 km,,,ADA,0,,0,deny,manual,872,,FALSCH,WAHR
Volvo-V90-D4-Momentum-Geartonic-BLIS-Standh.-Kamera---,,,,,,,,9 Monate,,1500 km,,,ADA,0,,0,deny,manual,935,,FALSCH,WAHR
Volvo-V90-D4-Momentum-Geartonic-BLIS-Standh.-Kamera---,,,,,,,,9 Monate,,2000 km,,,ADA,0,,0,deny,manual,998,,FALSCH,WAHR
Volvo-V90-D4-Momentum-Geartonic-BLIS-Standh.-Kamera---,,,,,,,,9 Monate,,2500 km,,,ADA,0,,0,deny,manual,1061,,FALSCH,WAHR
Volvo-V90-D4-Momentum-Geartonic-BLIS-Standh.-Kamera---,,,,,,,,10 Monate,,500 km,,,ADA,0,,0,deny,manual,806,,FALSCH,WAHR
Volvo-V90-D4-Momentum-Geartonic-BLIS-Standh.-Kamera---,,,,,,,,10 Monate,,1000 km,,,ADA,0,,0,deny,manual,869,,FALSCH,WAHR
Volvo-V90-D4-Momentum-Geartonic-BLIS-Standh.-Kamera---,,,,,,,,10 Monate,,1500 km,,,ADA,0,,0,deny,manual,932,,FALSCH,WAHR
Volvo-V90-D4-Momentum-Geartonic-BLIS-Standh.-Kamera---,,,,,,,,10 Monate,,2000 km,,,ADA,0,,0,deny,manual,995,,FALSCH,WAHR
Volvo-V90-D4-Momentum-Geartonic-BLIS-Standh.-Kamera---,,,,,,,,10 Monate,,2500 km,,,ADA,0,,0,deny,manual,1058,,FALSCH,WAHR
Volvo-V90-D4-Momentum-Geartonic-BLIS-Standh.-Kamera---,,,,,,,,11 Monate,,500 km,,,ADA,0,,0,deny,manual,804,,FALSCH,WAHR
Volvo-V90-D4-Momentum-Geartonic-BLIS-Standh.-Kamera---,,,,,,,,11 Monate,,1000 km,,,ADA,0,,0,deny,manual,867,,FALSCH,WAHR
Volvo-V90-D4-Momentum-Geartonic-BLIS-Standh.-Kamera---,,,,,,,,11 Monate,,1500 km,,,ADA,0,,0,deny,manual,930,,FALSCH,WAHR
Volvo-V90-D4-Momentum-Geartonic-BLIS-Standh.-Kamera---,,,,,,,,11 Monate,,2000 km,,,ADA,0,,0,deny,manual,993,,FALSCH,WAHR
Volvo-V90-D4-Momentum-Geartonic-BLIS-Standh.-Kamera---,,,,,,,,11 Monate,,2500 km,,,ADA,0,,0,deny,manual,1056,,FALSCH,WAHR
Volvo-V90-D4-Momentum-Geartonic-BLIS-Standh.-Kamera---,,,,,,,,12 Monate,,500 km,,,ADA,0,,0,deny,manual,802,,FALSCH,WAHR
Volvo-V90-D4-Momentum-Geartonic-BLIS-Standh.-Kamera---,,,,,,,,12 Monate,,1000 km,,,ADA,0,,0,deny,manual,865,,FALSCH,WAHR
Volvo-V90-D4-Momentum-Geartonic-BLIS-Standh.-Kamera---,,,,,,,,12 Monate,,1500 km,,,ADA,0,,0,deny,manual,928,,FALSCH,WAHR
Volvo-V90-D4-Momentum-Geartonic-BLIS-Standh.-Kamera---,,,,,,,,12 Monate,,2000 km,,,ADA,0,,0,deny,manual,991,,FALSCH,WAHR
Volvo-V90-D4-Momentum-Geartonic-BLIS-Standh.-Kamera---,,,,,,,,12 Monate,,2500 km,,,ADA,0,,0,deny,manual,1054,,FALSCH,WAHR
Volvo-V90-T4-Momentum-Aut.-BLIS-HUD-Kamera-VoC-StdHzg-,Volvo V90 T4 Momentum Aut. BLIS HUD Kamera VoC StdHzg ,"<p>
<strong>Abholadresse</strong>
Persiusstrasse 7-8
10245 Berlin
Deutschland<br>
<strong>Fahrzeugzustand</strong>
Unfallfrei<br>
<strong>Kategorie</strong>
Kombi<br>
<strong>Herkunft</strong>
EU-Ausführung<br>
<strong>Kilometerstand</strong>
49.800 km<br>
<strong>Hubraum</strong>
1.969 cm³<br>
<strong>Leistung</strong>
140 kW (190 PS)<br>
<strong>Kraftstoffart</strong>
Benzin<br>
<strong>Verbrauch</strong><br>
ca. 6,9 l/100km (kombiniert)<br>
ca. 8,9 l/100km (innerorts)<br>
ca. 5,6 l/100km (außerorts)<br>
<strong>CO2-Emission</strong>
ca. 158 g/km (kombiniert)<br>
<strong>Anzahl der Türen</strong>
4/5<br>
<strong>Anzahl Sitzplätze</strong>
5<br>
<strong>Getriebe</strong>
Automatik<br>
<strong>Schadstoffklasse</strong>
Euro6d-TEMP<br>
<strong>Umweltplakette</strong>
4 (Grün)<br>
<strong>Erstzulassung</strong>
06/2018<br>
<strong>Anzahl der Fahrzeughalter</strong>
1<br>
<strong>HU</strong>
Neu<br>
<strong>Klimatisierung</strong>
4-Zonen-Klimaautomatik<br>
<strong>Farbe (Hersteller)</strong>
Onyx Schwarz 717<br>
<strong>Farbe</strong>
Schwarz Metallic<br>
<strong>Innenausstattung</strong>
Teilleder, Andere<br>
<strong>Weitere Eigenschaften</strong><br>
ABS, Abstandstempomat, Abstandswarner, Adaptives Kurvenlicht, Alarmanlage, Ambiente-Beleuchtung, Anhängerkupplung schwenkbar, Armlehne, Beheizbares Lenkrad, Berganfahrassistent, Bluetooth, Bordcomputer, Dachreling, Elektr. Fensterheber, Elektr. Seitenspiegel, Elektr. Wegfahrsperre, ESP, Fernlichtassistent, Freisprecheinrichtung, Garantie, Geschwindigkeitsbegrenzer, Head-Up Display, Innenspiegel autom. abblendend, Isofix, Lederlenkrad, LED-Scheinwerfer, LED-Tagfahrlicht, Leichtmetallfelgen, Lichtsensor, Lordosenstütze, Müdigkeitswarner, Multifunktionslenkrad, Musikstreaming integriert, Navigationssystem, Nebelscheinwerfer, Nichtraucher-Fahrzeug, Notrufsystem, Pannenkit, Radio DAB, Regensensor, Reifendruckkontrolle, Scheckheftgepflegt, Scheinwerferreinigung, Servolenkung, Sitzheizung, Sitzheizung hinten, Soundsystem, Sprachsteuerung, Spurhalteassistent, Standheizung, Start/Stopp-Automatik, Totwinkel-Assistent, Touchscreen, Tuner/Radio, USB, Verkehrszeichenerkennung, Volldigitales Kombiinstrument, Winterpaket, WLAN / Wifi Hotspot, Zentralverriegelung
</p>",Volvo,,"Marke_Volvo, Typ_Kombi, Alter_maximal 5 Jahre,Alter_Alle, Kilometerstand_maximal 50.000 km,Kilometerstand_maximal 80.000 km,Kilometerstand_maximal 100.000 km, Leistung_150 bis 200 PS,Leistung_Alle, Schaltung_Automatik, Farbe_Schwarz, Kraftstoff_Benzin, Zustand_Gebraucht, Preis_Premium (ab 400 €)",WAHR,Deine Abo Dauer,3 Monate,Dein monatliches Kilometerpaket,500 km,,,ADA,0,,0,deny,manual,828,,FALSCH,WAHR,,https://i.ebayimg.com/00/s/NDI3WDY0MA==/z/flIAAOSw3dRe288U/$_27.JPG,,https://i.ebayimg.com/00/s/NDI3WDY0MA==/z/DxAAAOSwZIxe288U/$_27.JPG,1,https://i.ebayimg.com/00/s/NDI3WDY0MA==/z/nf4AAOSwb7te288U/$_27.JPG,2,https://i.ebayimg.com/00/s/NDI3WDY0MA==/z/Z4cAAOSwgrxe288U/$_27.JPG,3,https://i.ebayimg.com/00/s/NDI3WDY0MA==/z/X0gAAOSw5Bde288U/$_27.JPG,4,https://i.ebayimg.com/00/s/NDI3WDY0MA==/z/-D8AAOSwqA1e288U/$_27.JPG,5,https://i.ebayimg.com/00/s/NDI3WDY0MA==/z/MpQAAOSwOWBe288U/$_27.JPG,6,https://i.ebayimg.com/00/s/NDI3WDY0MA==/z/3DgAAOSw161e288U/$_27.JPG,7,https://i.ebayimg.com/00/s/NDI3WDY0MA==/z/yOMAAOSwczRe288U/$_27.JPG,8,https://i.ebayimg.com/00/s/NDI3WDY0MA==/z/g2EAAOSwbqle288U/$_27.JPG,9,https://i.ebayimg.com/00/s/NDI3WDY0MA==/z/8kEAAOSwwRFe288U/$_27.JPG,10,https://i.ebayimg.com/00/s/NDI3WDY0MA==/z/c-0AAOSwj19e288U/$_27.JPG,11,https://i.ebayimg.com/00/s/NDI3WDY0MA==/z/DNcAAOSwzGZe288U/$_27.JPG,12,https://i.ebayimg.com/00/s/NDI3WDY0MA==/z/~scAAOSwMyBe288U/$_27.JPG,13,https://i.ebayimg.com/00/s/NDI3WDY0MA==/z/aqoAAOSwkcVe288U/$_27.JPG,14,https://i.ebayimg.com/00/s/NDI3WDY0MA==/z/flIAAOSw3dRe288U/$_27.JPG,15,https://i.ebayimg.com/00/s/NDI3WDY0MA==/z/DxAAAOSwZIxe288U/$_27.JPG,16,,,,,,,,,,,nil
Volvo-V90-T4-Momentum-Aut.-BLIS-HUD-Kamera-VoC-StdHzg-,,,,,,,,3 Monate,,1000 km,,,ADA,0,,0,deny,manual,893,,FALSCH,WAHR
Volvo-V90-T4-Momentum-Aut.-BLIS-HUD-Kamera-VoC-StdHzg-,,,,,,,,3 Monate,,1500 km,,,ADA,0,,0,deny,manual,958,,FALSCH,WAHR
Volvo-V90-T4-Momentum-Aut.-BLIS-HUD-Kamera-VoC-StdHzg-,,,,,,,,3 Monate,,2000 km,,,ADA,0,,0,deny,manual,1023,,FALSCH,WAHR
Volvo-V90-T4-Momentum-Aut.-BLIS-HUD-Kamera-VoC-StdHzg-,,,,,,,,3 Monate,,2500 km,,,ADA,0,,0,deny,manual,1088,,FALSCH,WAHR
Volvo-V90-T4-Momentum-Aut.-BLIS-HUD-Kamera-VoC-StdHzg-,,,,,,,,4 Monate,,500 km,,,ADA,0,,0,deny,manual,817,,FALSCH,WAHR
Volvo-V90-T4-Momentum-Aut.-BLIS-HUD-Kamera-VoC-StdHzg-,,,,,,,,4 Monate,,1000 km,,,ADA,0,,0,deny,manual,882,,FALSCH,WAHR
Volvo-V90-T4-Momentum-Aut.-BLIS-HUD-Kamera-VoC-StdHzg-,,,,,,,,4 Monate,,1500 km,,,ADA,0,,0,deny,manual,947,,FALSCH,WAHR
Volvo-V90-T4-Momentum-Aut.-BLIS-HUD-Kamera-VoC-StdHzg-,,,,,,,,4 Monate,,2000 km,,,ADA,0,,0,deny,manual,1012,,FALSCH,WAHR
Volvo-V90-T4-Momentum-Aut.-BLIS-HUD-Kamera-VoC-StdHzg-,,,,,,,,4 Monate,,2500 km,,,ADA,0,,0,deny,manual,1077,,FALSCH,WAHR
Volvo-V90-T4-Momentum-Aut.-BLIS-HUD-Kamera-VoC-StdHzg-,,,,,,,,5 Monate,,500 km,,,ADA,0,,0,deny,manual,810,,FALSCH,WAHR
Volvo-V90-T4-Momentum-Aut.-BLIS-HUD-Kamera-VoC-StdHzg-,,,,,,,,5 Monate,,1000 km,,,ADA,0,,0,deny,manual,875,,FALSCH,WAHR
Volvo-V90-T4-Momentum-Aut.-BLIS-HUD-Kamera-VoC-StdHzg-,,,,,,,,5 Monate,,1500 km,,,ADA,0,,0,deny,manual,940,,FALSCH,WAHR
Volvo-V90-T4-Momentum-Aut.-BLIS-HUD-Kamera-VoC-StdHzg-,,,,,,,,5 Monate,,2000 km,,,ADA,0,,0,deny,manual,1006,,FALSCH,WAHR
Volvo-V90-T4-Momentum-Aut.-BLIS-HUD-Kamera-VoC-StdHzg-,,,,,,,,5 Monate,,2500 km,,,ADA,0,,0,deny,manual,1071,,FALSCH,WAHR
Volvo-V90-T4-Momentum-Aut.-BLIS-HUD-Kamera-VoC-StdHzg-,,,,,,,,6 Monate,,500 km,,,ADA,0,,0,deny,manual,806,,FALSCH,WAHR
Volvo-V90-T4-Momentum-Aut.-BLIS-HUD-Kamera-VoC-StdHzg-,,,,,,,,6 Monate,,1000 km,,,ADA,0,,0,deny,manual,871,,FALSCH,WAHR
Volvo-V90-T4-Momentum-Aut.-BLIS-HUD-Kamera-VoC-StdHzg-,,,,,,,,6 Monate,,1500 km,,,ADA,0,,0,deny,manual,936,,FALSCH,WAHR
Volvo-V90-T4-Momentum-Aut.-BLIS-HUD-Kamera-VoC-StdHzg-,,,,,,,,6 Monate,,2000 km,,,ADA,0,,0,deny,manual,1001,,FALSCH,WAHR
Volvo-V90-T4-Momentum-Aut.-BLIS-HUD-Kamera-VoC-StdHzg-,,,,,,,,6 Monate,,2500 km,,,ADA,0,,0,deny,manual,1088,,FALSCH,WAHR
Volvo-V90-T4-Momentum-Aut.-BLIS-HUD-Kamera-VoC-StdHzg-,,,,,,,,7 Monate,,500 km,,,ADA,0,,0,deny,manual,821,,FALSCH,WAHR
Volvo-V90-T4-Momentum-Aut.-BLIS-HUD-Kamera-VoC-StdHzg-,,,,,,,,7 Monate,,1000 km,,,ADA,0,,0,deny,manual,886,,FALSCH,WAHR
Volvo-V90-T4-Momentum-Aut.-BLIS-HUD-Kamera-VoC-StdHzg-,,,,,,,,7 Monate,,1500 km,,,ADA,0,,0,deny,manual,952,,FALSCH,WAHR
Volvo-V90-T4-Momentum-Aut.-BLIS-HUD-Kamera-VoC-StdHzg-,,,,,,,,7 Monate,,2000 km,,,ADA,0,,0,deny,manual,1017,,FALSCH,WAHR
Volvo-V90-T4-Momentum-Aut.-BLIS-HUD-Kamera-VoC-StdHzg-,,,,,,,,7 Monate,,2500 km,,,ADA,0,,0,deny,manual,1082,,FALSCH,WAHR
Volvo-V90-T4-Momentum-Aut.-BLIS-HUD-Kamera-VoC-StdHzg-,,,,,,,,8 Monate,,500 km,,,ADA,0,,0,deny,manual,817,,FALSCH,WAHR
Volvo-V90-T4-Momentum-Aut.-BLIS-HUD-Kamera-VoC-StdHzg-,,,,,,,,8 Monate,,1000 km,,,ADA,0,,0,deny,manual,882,,FALSCH,WAHR
Volvo-V90-T4-Momentum-Aut.-BLIS-HUD-Kamera-VoC-StdHzg-,,,,,,,,8 Monate,,1500 km,,,ADA,0,,0,deny,manual,947,,FALSCH,WAHR
Volvo-V90-T4-Momentum-Aut.-BLIS-HUD-Kamera-VoC-StdHzg-,,,,,,,,8 Monate,,2000 km,,,ADA,0,,0,deny,manual,1012,,FALSCH,WAHR
Volvo-V90-T4-Momentum-Aut.-BLIS-HUD-Kamera-VoC-StdHzg-,,,,,,,,8 Monate,,2500 km,,,ADA,0,,0,deny,manual,1077,,FALSCH,WAHR
Volvo-V90-T4-Momentum-Aut.-BLIS-HUD-Kamera-VoC-StdHzg-,,,,,,,,9 Monate,,500 km,,,ADA,0,,0,deny,manual,813,,FALSCH,WAHR
Volvo-V90-T4-Momentum-Aut.-BLIS-HUD-Kamera-VoC-StdHzg-,,,,,,,,9 Monate,,1000 km,,,ADA,0,,0,deny,manual,878,,FALSCH,WAHR
Volvo-V90-T4-Momentum-Aut.-BLIS-HUD-Kamera-VoC-StdHzg-,,,,,,,,9 Monate,,1500 km,,,ADA,0,,0,deny,manual,943,,FALSCH,WAHR
Volvo-V90-T4-Momentum-Aut.-BLIS-HUD-Kamera-VoC-StdHzg-,,,,,,,,9 Monate,,2000 km,,,ADA,0,,0,deny,manual,1008,,FALSCH,WAHR
Volvo-V90-T4-Momentum-Aut.-BLIS-HUD-Kamera-VoC-StdHzg-,,,,,,,,9 Monate,,2500 km,,,ADA,0,,0,deny,manual,1074,,FALSCH,WAHR
Volvo-V90-T4-Momentum-Aut.-BLIS-HUD-Kamera-VoC-StdHzg-,,,,,,,,10 Monate,,500 km,,,ADA,0,,0,deny,manual,810,,FALSCH,WAHR
Volvo-V90-T4-Momentum-Aut.-BLIS-HUD-Kamera-VoC-StdHzg-,,,,,,,,10 Monate,,1000 km,,,ADA,0,,0,deny,manual,875,,FALSCH,WAHR
Volvo-V90-T4-Momentum-Aut.-BLIS-HUD-Kamera-VoC-StdHzg-,,,,,,,,10 Monate,,1500 km,,,ADA,0,,0,deny,manual,940,,FALSCH,WAHR
Volvo-V90-T4-Momentum-Aut.-BLIS-HUD-Kamera-VoC-StdHzg-,,,,,,,,10 Monate,,2000 km,,,ADA,0,,0,deny,manual,1006,,FALSCH,WAHR
Volvo-V90-T4-Momentum-Aut.-BLIS-HUD-Kamera-VoC-StdHzg-,,,,,,,,10 Monate,,2500 km,,,ADA,0,,0,deny,manual,1071,,FALSCH,WAHR
Volvo-V90-T4-Momentum-Aut.-BLIS-HUD-Kamera-VoC-StdHzg-,,,,,,,,11 Monate,,500 km,,,ADA,0,,0,deny,manual,808,,FALSCH,WAHR
Volvo-V90-T4-Momentum-Aut.-BLIS-HUD-Kamera-VoC-StdHzg-,,,,,,,,11 Monate,,1000 km,,,ADA,0,,0,deny,manual,873,,FALSCH,WAHR
Volvo-V90-T4-Momentum-Aut.-BLIS-HUD-Kamera-VoC-StdHzg-,,,,,,,,11 Monate,,1500 km,,,ADA,0,,0,deny,manual,938,,FALSCH,WAHR
Volvo-V90-T4-Momentum-Aut.-BLIS-HUD-Kamera-VoC-StdHzg-,,,,,,,,11 Monate,,2000 km,,,ADA,0,,0,deny,manual,1003,,FALSCH,WAHR
Volvo-V90-T4-Momentum-Aut.-BLIS-HUD-Kamera-VoC-StdHzg-,,,,,,,,11 Monate,,2500 km,,,ADA,0,,0,deny,manual,1068,,FALSCH,WAHR
Volvo-V90-T4-Momentum-Aut.-BLIS-HUD-Kamera-VoC-StdHzg-,,,,,,,,12 Monate,,500 km,,,ADA,0,,0,deny,manual,806,,FALSCH,WAHR
Volvo-V90-T4-Momentum-Aut.-BLIS-HUD-Kamera-VoC-StdHzg-,,,,,,,,12 Monate,,1000 km,,,ADA,0,,0,deny,manual,871,,FALSCH,WAHR
Volvo-V90-T4-Momentum-Aut.-BLIS-HUD-Kamera-VoC-StdHzg-,,,,,,,,12 Monate,,1500 km,,,ADA,0,,0,deny,manual,936,,FALSCH,WAHR
Volvo-V90-T4-Momentum-Aut.-BLIS-HUD-Kamera-VoC-StdHzg-,,,,,,,,12 Monate,,2000 km,,,ADA,0,,0,deny,manual,1001,,FALSCH,WAHR
Volvo-V90-T4-Momentum-Aut.-BLIS-HUD-Kamera-VoC-StdHzg-,,,,,,,,12 Monate,,2500 km,,,ADA,0,,0,deny,manual,1066,,FALSCH,WAHR
Volvo-V90-T4-Momentum-Geartronic-BLIS-HUD-Kamera,Volvo V90 T4 Momentum Geartronic BLIS HUD Kamera,"<p>
<strong>Abholadresse</strong>
Persiusstrasse 7-8
10245 Berlin
Deutschland<br>
<strong>Fahrzeugzustand</strong>
Unfallfrei<br>
<strong>Kategorie</strong>
Kombi<br>
<strong>Herkunft</strong>
EU-Ausführung<br>
<strong>Kilometerstand</strong>
47.480 km<br>
<strong>Hubraum</strong>
1.969 cm³<br>
<strong>Leistung</strong>
140 kW (190 PS)<br>
<strong>Kraftstoffart</strong>
Benzin<br>
<strong>Verbrauch</strong><br>
ca. 6,9 l/100km (kombiniert)<br>
ca. 8,9 l/100km (innerorts)<br>
ca. 5,6 l/100km (außerorts)<br>
<strong>CO2-Emission</strong>
ca. 158 g/km (kombiniert)<br>
<strong>Anzahl der Türen</strong>
4/5<br>
<strong>Anzahl Sitzplätze</strong>
5<br>
<strong>Getriebe</strong>
Automatik<br>
<strong>Schadstoffklasse</strong>
Euro6d-TEMP<br>
<strong>Umweltplakette</strong>
4 (Grün)<br>
<strong>Erstzulassung</strong>
06/2018<br>
<strong>Anzahl der Fahrzeughalter</strong>
1<br>
<strong>HU</strong>
Neu<br>
<strong>Klimatisierung</strong>
4-Zonen-Klimaautomatik<br>
<strong>Farbe (Hersteller)</strong>
Savile Grau 492<br>
<strong>Farbe</strong>
Grau Metallic<br>
<strong>Innenausstattung</strong>
Teilleder, Andere<br>
<strong>Weitere Eigenschaften</strong><br>
ABS, Abstandstempomat, Abstandswarner, Adaptives Kurvenlicht, Alarmanlage, Ambiente-Beleuchtung, Anhängerkupplung schwenkbar, Armlehne, Beheizbares Lenkrad, Berganfahrassistent, Bluetooth, Bordcomputer, Dachreling, Elektr. Fensterheber, Elektr. Seitenspiegel, Elektr. Wegfahrsperre, ESP, Fernlichtassistent, Freisprecheinrichtung, Garantie, Geschwindigkeitsbegrenzer, Head-Up Display, Innenspiegel autom. abblendend, Isofix, Lederlenkrad, LED-Scheinwerfer, LED-Tagfahrlicht, Leichtmetallfelgen, Lichtsensor, Lordosenstütze, Müdigkeitswarner, Multifunktionslenkrad, Musikstreaming integriert, Navigationssystem, Nebelscheinwerfer, Nichtraucher-Fahrzeug, Notrufsystem, Pannenkit, Partikelfilter, Radio DAB, Regensensor, Reifendruckkontrolle, Scheckheftgepflegt, Scheinwerferreinigung, Servolenkung, Sitzheizung, Sitzheizung hinten, Soundsystem, Sprachsteuerung, Spurhalteassistent, Standheizung, Start/Stopp-Automatik, Totwinkel-Assistent, Touchscreen, Tuner/Radio, USB, Verkehrszeichenerkennung, Volldigitales Kombiinstrument, Winterpaket, WLAN / Wifi Hotspot, Zentralverriegelung
</p>",Volvo,,"Marke_Volvo, Typ_Kombi, Alter_maximal 5 Jahre,Alter_Alle, Kilometerstand_maximal 50.000 km,Kilometerstand_maximal 80.000 km,Kilometerstand_maximal 100.000 km, Leistung_150 bis 200 PS,Leistung_Alle, Schaltung_Automatik, Farbe_Grau, Kraftstoff_Benzin, Zustand_Gebraucht, Preis_Premium (ab 400 €)",WAHR,Deine Abo Dauer,3 Monate,Dein monatliches Kilometerpaket,500 km,,,ADA,0,,0,deny,manual,827,,FALSCH,WAHR,,https://i.ebayimg.com/00/s/NDI3WDY0MA==/z/Me4AAOSwGuJfHbkX/$_27.JPG,,https://i.ebayimg.com/00/s/NDI3WDY0MA==/z/aLMAAOSwoPdfHbkX/$_27.JPG,1,https://i.ebayimg.com/00/s/NDI3WDY0MA==/z/U2kAAOSwW5RfHbkX/$_27.JPG,2,https://i.ebayimg.com/00/s/NDI3WDY0MA==/z/bDAAAOSwmn5fHbkX/$_27.JPG,3,https://i.ebayimg.com/00/s/NDI3WDY0MA==/z/p9oAAOSwKZxfHbkX/$_27.JPG,4,https://i.ebayimg.com/00/s/NDI3WDY0MA==/z/XnAAAOSwPqlfHbkX/$_27.JPG,5,https://i.ebayimg.com/00/s/NDI3WDY0MA==/z/yP0AAOSwQrNfHbkX/$_27.JPG,6,https://i.ebayimg.com/00/s/NDI3WDY0MA==/z/gl0AAOSwK2VfHbkX/$_27.JPG,7,https://i.ebayimg.com/00/s/NDI3WDY0MA==/z/FLAAAOSw8C9fHbkX/$_27.JPG,8,https://i.ebayimg.com/00/s/NDI3WDY0MA==/z/ddIAAOSwYdZfHbkX/$_27.JPG,9,https://i.ebayimg.com/00/s/NDI3WDY0MA==/z/X4YAAOSwrgRfHbkY/$_27.JPG,10,https://i.ebayimg.com/00/s/NDI3WDY0MA==/z/zwEAAOSwv2ZfHbkX/$_27.JPG,11,https://i.ebayimg.com/00/s/NDI3WDY0MA==/z/URkAAOSwcPhfHbkX/$_27.JPG,12,https://i.ebayimg.com/00/s/NDI3WDY0MA==/z/aWQAAOSwWTdfHbkX/$_27.JPG,13,https://i.ebayimg.com/00/s/NDI3WDY0MA==/z/JqkAAOSw4C5fHbkX/$_27.JPG,14,https://i.ebayimg.com/00/s/NDI3WDY0MA==/z/Me4AAOSwGuJfHbkX/$_27.JPG,15,https://i.ebayimg.com/00/s/NDI3WDY0MA==/z/aLMAAOSwoPdfHbkX/$_27.JPG,16,,,,,,,,,,,nil
Volvo-V90-T4-Momentum-Geartronic-BLIS-HUD-Kamera,,,,,,,,3 Monate,,1000 km,,,ADA,0,,0,deny,manual,893,,FALSCH,WAHR
Volvo-V90-T4-Momentum-Geartronic-BLIS-HUD-Kamera,,,,,,,,3 Monate,,1500 km,,,ADA,0,,0,deny,manual,958,,FALSCH,WAHR
Volvo-V90-T4-Momentum-Geartronic-BLIS-HUD-Kamera,,,,,,,,3 Monate,,2000 km,,,ADA,0,,0,deny,manual,1023,,FALSCH,WAHR
Volvo-V90-T4-Momentum-Geartronic-BLIS-HUD-Kamera,,,,,,,,3 Monate,,2500 km,,,ADA,0,,0,deny,manual,1088,,FALSCH,WAHR
Volvo-V90-T4-Momentum-Geartronic-BLIS-HUD-Kamera,,,,,,,,4 Monate,,500 km,,,ADA,0,,0,deny,manual,816,,FALSCH,WAHR
Volvo-V90-T4-Momentum-Geartronic-BLIS-HUD-Kamera,,,,,,,,4 Monate,,1000 km,,,ADA,0,,0,deny,manual,882,,FALSCH,WAHR
Volvo-V90-T4-Momentum-Geartronic-BLIS-HUD-Kamera,,,,,,,,4 Monate,,1500 km,,,ADA,0,,0,deny,manual,947,,FALSCH,WAHR
Volvo-V90-T4-Momentum-Geartronic-BLIS-HUD-Kamera,,,,,,,,4 Monate,,2000 km,,,ADA,0,,0,deny,manual,1012,,FALSCH,WAHR
Volvo-V90-T4-Momentum-Geartronic-BLIS-HUD-Kamera,,,,,,,,4 Monate,,2500 km,,,ADA,0,,0,deny,manual,1077,,FALSCH,WAHR
Volvo-V90-T4-Momentum-Geartronic-BLIS-HUD-Kamera,,,,,,,,5 Monate,,500 km,,,ADA,0,,0,deny,manual,810,,FALSCH,WAHR
Volvo-V90-T4-Momentum-Geartronic-BLIS-HUD-Kamera,,,,,,,,5 Monate,,1000 km,,,ADA,0,,0,deny,manual,875,,FALSCH,WAHR
Volvo-V90-T4-Momentum-Geartronic-BLIS-HUD-Kamera,,,,,,,,5 Monate,,1500 km,,,ADA,0,,0,deny,manual,940,,FALSCH,WAHR
Volvo-V90-T4-Momentum-Geartronic-BLIS-HUD-Kamera,,,,,,,,5 Monate,,2000 km,,,ADA,0,,0,deny,manual,1005,,FALSCH,WAHR
Volvo-V90-T4-Momentum-Geartronic-BLIS-HUD-Kamera,,,,,,,,5 Monate,,2500 km,,,ADA,0,,0,deny,manual,1071,,FALSCH,WAHR
Volvo-V90-T4-Momentum-Geartronic-BLIS-HUD-Kamera,,,,,,,,6 Monate,,500 km,,,ADA,0,,0,deny,manual,806,,FALSCH,WAHR
Volvo-V90-T4-Momentum-Geartronic-BLIS-HUD-Kamera,,,,,,,,6 Monate,,1000 km,,,ADA,0,,0,deny,manual,871,,FALSCH,WAHR
Volvo-V90-T4-Momentum-Geartronic-BLIS-HUD-Kamera,,,,,,,,6 Monate,,1500 km,,,ADA,0,,0,deny,manual,936,,FALSCH,WAHR
Volvo-V90-T4-Momentum-Geartronic-BLIS-HUD-Kamera,,,,,,,,6 Monate,,2000 km,,,ADA,0,,0,deny,manual,1001,,FALSCH,WAHR
Volvo-V90-T4-Momentum-Geartronic-BLIS-HUD-Kamera,,,,,,,,6 Monate,,2500 km,,,ADA,0,,0,deny,manual,1088,,FALSCH,WAHR
Volvo-V90-T4-Momentum-Geartronic-BLIS-HUD-Kamera,,,,,,,,7 Monate,,500 km,,,ADA,0,,0,deny,manual,821,,FALSCH,WAHR
Volvo-V90-T4-Momentum-Geartronic-BLIS-HUD-Kamera,,,,,,,,7 Monate,,1000 km,,,ADA,0,,0,deny,manual,886,,FALSCH,WAHR
Volvo-V90-T4-Momentum-Geartronic-BLIS-HUD-Kamera,,,,,,,,7 Monate,,1500 km,,,ADA,0,,0,deny,manual,951,,FALSCH,WAHR
Volvo-V90-T4-Momentum-Geartronic-BLIS-HUD-Kamera,,,,,,,,7 Monate,,2000 km,,,ADA,0,,0,deny,manual,1017,,FALSCH,WAHR
Volvo-V90-T4-Momentum-Geartronic-BLIS-HUD-Kamera,,,,,,,,7 Monate,,2500 km,,,ADA,0,,0,deny,manual,1082,,FALSCH,WAHR
Volvo-V90-T4-Momentum-Geartronic-BLIS-HUD-Kamera,,,,,,,,8 Monate,,500 km,,,ADA,0,,0,deny,manual,816,,FALSCH,WAHR
Volvo-V90-T4-Momentum-Geartronic-BLIS-HUD-Kamera,,,,,,,,8 Monate,,1000 km,,,ADA,0,,0,deny,manual,882,,FALSCH,WAHR
Volvo-V90-T4-Momentum-Geartronic-BLIS-HUD-Kamera,,,,,,,,8 Monate,,1500 km,,,ADA,0,,0,deny,manual,947,,FALSCH,WAHR
Volvo-V90-T4-Momentum-Geartronic-BLIS-HUD-Kamera,,,,,,,,8 Monate,,2000 km,,,ADA,0,,0,deny,manual,1012,,FALSCH,WAHR
Volvo-V90-T4-Momentum-Geartronic-BLIS-HUD-Kamera,,,,,,,,8 Monate,,2500 km,,,ADA,0,,0,deny,manual,1077,,FALSCH,WAHR
Volvo-V90-T4-Momentum-Geartronic-BLIS-HUD-Kamera,,,,,,,,9 Monate,,500 km,,,ADA,0,,0,deny,manual,813,,FALSCH,WAHR
Volvo-V90-T4-Momentum-Geartronic-BLIS-HUD-Kamera,,,,,,,,9 Monate,,1000 km,,,ADA,0,,0,deny,manual,878,,FALSCH,WAHR
Volvo-V90-T4-Momentum-Geartronic-BLIS-HUD-Kamera,,,,,,,,9 Monate,,1500 km,,,ADA,0,,0,deny,manual,943,,FALSCH,WAHR
Volvo-V90-T4-Momentum-Geartronic-BLIS-HUD-Kamera,,,,,,,,9 Monate,,2000 km,,,ADA,0,,0,deny,manual,1008,,FALSCH,WAHR
Volvo-V90-T4-Momentum-Geartronic-BLIS-HUD-Kamera,,,,,,,,9 Monate,,2500 km,,,ADA,0,,0,deny,manual,1073,,FALSCH,WAHR
Volvo-V90-T4-Momentum-Geartronic-BLIS-HUD-Kamera,,,,,,,,10 Monate,,500 km,,,ADA,0,,0,deny,manual,810,,FALSCH,WAHR
Volvo-V90-T4-Momentum-Geartronic-BLIS-HUD-Kamera,,,,,,,,10 Monate,,1000 km,,,ADA,0,,0,deny,manual,875,,FALSCH,WAHR
Volvo-V90-T4-Momentum-Geartronic-BLIS-HUD-Kamera,,,,,,,,10 Monate,,1500 km,,,ADA,0,,0,deny,manual,940,,FALSCH,WAHR
Volvo-V90-T4-Momentum-Geartronic-BLIS-HUD-Kamera,,,,,,,,10 Monate,,2000 km,,,ADA,0,,0,deny,manual,1005,,FALSCH,WAHR
Volvo-V90-T4-Momentum-Geartronic-BLIS-HUD-Kamera,,,,,,,,10 Monate,,2500 km,,,ADA,0,,0,deny,manual,1070,,FALSCH,WAHR
Volvo-V90-T4-Momentum-Geartronic-BLIS-HUD-Kamera,,,,,,,,11 Monate,,500 km,,,ADA,0,,0,deny,manual,807,,FALSCH,WAHR
Volvo-V90-T4-Momentum-Geartronic-BLIS-HUD-Kamera,,,,,,,,11 Monate,,1000 km,,,ADA,0,,0,deny,manual,873,,FALSCH,WAHR
Volvo-V90-T4-Momentum-Geartronic-BLIS-HUD-Kamera,,,,,,,,11 Monate,,1500 km,,,ADA,0,,0,deny,manual,938,,FALSCH,WAHR
Volvo-V90-T4-Momentum-Geartronic-BLIS-HUD-Kamera,,,,,,,,11 Monate,,2000 km,,,ADA,0,,0,deny,manual,1003,,FALSCH,WAHR
Volvo-V90-T4-Momentum-Geartronic-BLIS-HUD-Kamera,,,,,,,,11 Monate,,2500 km,,,ADA,0,,0,deny,manual,1068,,FALSCH,WAHR
Volvo-V90-T4-Momentum-Geartronic-BLIS-HUD-Kamera,,,,,,,,12 Monate,,500 km,,,ADA,0,,0,deny,manual,805,,FALSCH,WAHR
Volvo-V90-T4-Momentum-Geartronic-BLIS-HUD-Kamera,,,,,,,,12 Monate,,1000 km,,,ADA,0,,0,deny,manual,871,,FALSCH,WAHR
Volvo-V90-T4-Momentum-Geartronic-BLIS-HUD-Kamera,,,,,,,,12 Monate,,1500 km,,,ADA,0,,0,deny,manual,936,,FALSCH,WAHR
Volvo-V90-T4-Momentum-Geartronic-BLIS-HUD-Kamera,,,,,,,,12 Monate,,2000 km,,,ADA,0,,0,deny,manual,1001,,FALSCH,WAHR
Volvo-V90-T4-Momentum-Geartronic-BLIS-HUD-Kamera,,,,,,,,12 Monate,,2500 km,,,ADA,0,,0,deny,manual,1066,,FALSCH,WAHR
Volvo-V90-T4-Momentum-Geartronic-BLIS-HUD-Kamera,Volvo V90 T4 Momentum Geartronic BLIS HUD Kamera,"<p>
<strong>Abholadresse</strong>
Persiusstrasse 7-8
10245 Berlin
Deutschland<br>
<strong>Fahrzeugzustand</strong>
Unfallfrei<br>
<strong>Kategorie</strong>
Kombi<br>
<strong>Herkunft</strong>
EU-Ausführung<br>
<strong>Kilometerstand</strong>
45.669 km<br>
<strong>Hubraum</strong>
1.969 cm³<br>
<strong>Leistung</strong>
140 kW (190 PS)<br>
<strong>Kraftstoffart</strong>
Benzin<br>
<strong>Verbrauch</strong><br>
ca. 6,9 l/100km (kombiniert)<br>
ca. 8,9 l/100km (innerorts)<br>
ca. 5,6 l/100km (außerorts)<br>
<strong>CO2-Emission</strong>
ca. 158 g/km (kombiniert)<br>
<strong>Anzahl der Türen</strong>
4/5<br>
<strong>Anzahl Sitzplätze</strong>
5<br>
<strong>Getriebe</strong>
Automatik<br>
<strong>Schadstoffklasse</strong>
Euro6d-TEMP<br>
<strong>Umweltplakette</strong>
4 (Grün)<br>
<strong>Erstzulassung</strong>
05/2018<br>
<strong>Anzahl der Fahrzeughalter</strong>
1<br>
<strong>HU</strong>
Neu<br>
<strong>Klimatisierung</strong>
4-Zonen-Klimaautomatik<br>
<strong>Farbe (Hersteller)</strong>
Onyx Black 717<br>
<strong>Farbe</strong>
Schwarz Metallic<br>
<strong>Innenausstattung</strong>
Teilleder, Andere<br>
<strong>Weitere Eigenschaften</strong><br>
ABS, Abstandstempomat, Abstandswarner, Adaptives Kurvenlicht, Alarmanlage, Ambiente-Beleuchtung, Anhängerkupplung schwenkbar, Armlehne, Beheizbares Lenkrad, Berganfahrassistent, Bluetooth, Bordcomputer, Dachreling, Elektr. Fensterheber, Elektr. Seitenspiegel, Elektr. Wegfahrsperre, ESP, Fernlichtassistent, Freisprecheinrichtung, Garantie, Geschwindigkeitsbegrenzer, Head-Up Display, Innenspiegel autom. abblendend, Isofix, Lederlenkrad, LED-Scheinwerfer, LED-Tagfahrlicht, Leichtmetallfelgen, Lichtsensor, Lordosenstütze, Müdigkeitswarner, Multifunktionslenkrad, Musikstreaming integriert, Navigationssystem, Nebelscheinwerfer, Nichtraucher-Fahrzeug, Notrufsystem, Pannenkit, Partikelfilter, Radio DAB, Regensensor, Reifendruckkontrolle, Scheckheftgepflegt, Scheinwerferreinigung, Servolenkung, Sitzheizung, Sitzheizung hinten, Soundsystem, Sprachsteuerung, Spurhalteassistent, Standheizung, Start/Stopp-Automatik, Totwinkel-Assistent, Touchscreen, Tuner/Radio, USB, Verkehrszeichenerkennung, Volldigitales Kombiinstrument, Winterpaket, WLAN / Wifi Hotspot, Zentralverriegelung
</p>",Volvo,,"Marke_Volvo, Typ_Kombi, Alter_maximal 5 Jahre,Alter_Alle, Kilometerstand_maximal 50.000 km,Kilometerstand_maximal 80.000 km,Kilometerstand_maximal 100.000 km, Leistung_150 bis 200 PS,Leistung_Alle, Schaltung_Automatik, Farbe_Schwarz, Kraftstoff_Benzin, Zustand_Gebraucht, Preis_Premium (ab 400 €)",WAHR,Deine Abo Dauer,3 Monate,Dein monatliches Kilometerpaket,500 km,,,ADA,0,,0,deny,manual,827,,FALSCH,WAHR,,https://i.ebayimg.com/00/s/NDI3WDY0MA==/z/F88AAOSwwcVfCfMK/$_27.JPG,,https://i.ebayimg.com/00/s/NDI3WDY0MA==/z/YD0AAOSwol9fCfMK/$_27.JPG,1,https://i.ebayimg.com/00/s/NDI3WDY0MA==/z/ECMAAOSwxt5fCfMK/$_27.JPG,2,https://i.ebayimg.com/00/s/NDI3WDY0MA==/z/wdYAAOSwbOBfCfMK/$_27.JPG,3,https://i.ebayimg.com/00/s/NDI3WDY0MA==/z/fcsAAOSwPzxfCfMK/$_27.JPG,4,https://i.ebayimg.com/00/s/NDI3WDY0MA==/z/1fEAAOSwKZhfCfMK/$_27.JPG,5,https://i.ebayimg.com/00/s/NDI3WDY0MA==/z/TU8AAOSwPVJfCfMK/$_27.JPG,6,https://i.ebayimg.com/00/s/NDI3WDY0MA==/z/CkEAAOSwYdBfCfMK/$_27.JPG,7,https://i.ebayimg.com/00/s/NDI3WDY0MA==/z/dPoAAOSwkYlfCfMK/$_27.JPG,8,https://i.ebayimg.com/00/s/NDI3WDY0MA==/z/disAAOSw0itfCfMK/$_27.JPG,9,https://i.ebayimg.com/00/s/NDI3WDY0MA==/z/lzkAAOSwIwtfCfMK/$_27.JPG,10,https://i.ebayimg.com/00/s/NDI3WDY0MA==/z/Y0YAAOSwD7hfCfML/$_27.JPG,11,https://i.ebayimg.com/00/s/NDI3WDY0MA==/z/zo8AAOSw~9lfCfMK/$_27.JPG,12,https://i.ebayimg.com/00/s/NDI3WDY0MA==/z/dPsAAOSwkYlfCfML/$_27.JPG,13,https://i.ebayimg.com/00/s/NDI3WDY0MA==/z/hnQAAOSwmHRfCfMK/$_27.JPG,14,https://i.ebayimg.com/00/s/NDI3WDY0MA==/z/F88AAOSwwcVfCfMK/$_27.JPG,15,https://i.ebayimg.com/00/s/NDI3WDY0MA==/z/YD0AAOSwol9fCfMK/$_27.JPG,16,,,,,,,,,,,nil
Volvo-V90-T4-Momentum-Geartronic-BLIS-HUD-Kamera,,,,,,,,3 Monate,,1000 km,,,ADA,0,,0,deny,manual,892,,FALSCH,WAHR
Volvo-V90-T4-Momentum-Geartronic-BLIS-HUD-Kamera,,,,,,,,3 Monate,,1500 km,,,ADA,0,,0,deny,manual,957,,FALSCH,WAHR
Volvo-V90-T4-Momentum-Geartronic-BLIS-HUD-Kamera,,,,,,,,3 Monate,,2000 km,,,ADA,0,,0,deny,manual,1022,,FALSCH,WAHR
Volvo-V90-T4-Momentum-Geartronic-BLIS-HUD-Kamera,,,,,,,,3 Monate,,2500 km,,,ADA,0,,0,deny,manual,1087,,FALSCH,WAHR
Volvo-V90-T4-Momentum-Geartronic-BLIS-HUD-Kamera,,,,,,,,4 Monate,,500 km,,,ADA,0,,0,deny,manual,816,,FALSCH,WAHR
Volvo-V90-T4-Momentum-Geartronic-BLIS-HUD-Kamera,,,,,,,,4 Monate,,1000 km,,,ADA,0,,0,deny,manual,881,,FALSCH,WAHR
Volvo-V90-T4-Momentum-Geartronic-BLIS-HUD-Kamera,,,,,,,,4 Monate,,1500 km,,,ADA,0,,0,deny,manual,946,,FALSCH,WAHR
Volvo-V90-T4-Momentum-Geartronic-BLIS-HUD-Kamera,,,,,,,,4 Monate,,2000 km,,,ADA,0,,0,deny,manual,1011,,FALSCH,WAHR
Volvo-V90-T4-Momentum-Geartronic-BLIS-HUD-Kamera,,,,,,,,4 Monate,,2500 km,,,ADA,0,,0,deny,manual,1076,,FALSCH,WAHR
Volvo-V90-T4-Momentum-Geartronic-BLIS-HUD-Kamera,,,,,,,,5 Monate,,500 km,,,ADA,0,,0,deny,manual,809,,FALSCH,WAHR
Volvo-V90-T4-Momentum-Geartronic-BLIS-HUD-Kamera,,,,,,,,5 Monate,,1000 km,,,ADA,0,,0,deny,manual,874,,FALSCH,WAHR
Volvo-V90-T4-Momentum-Geartronic-BLIS-HUD-Kamera,,,,,,,,5 Monate,,1500 km,,,ADA,0,,0,deny,manual,939,,FALSCH,WAHR
Volvo-V90-T4-Momentum-Geartronic-BLIS-HUD-Kamera,,,,,,,,5 Monate,,2000 km,,,ADA,0,,0,deny,manual,1005,,FALSCH,WAHR
Volvo-V90-T4-Momentum-Geartronic-BLIS-HUD-Kamera,,,,,,,,5 Monate,,2500 km,,,ADA,0,,0,deny,manual,1070,,FALSCH,WAHR
Volvo-V90-T4-Momentum-Geartronic-BLIS-HUD-Kamera,,,,,,,,6 Monate,,500 km,,,ADA,0,,0,deny,manual,805,,FALSCH,WAHR
Volvo-V90-T4-Momentum-Geartronic-BLIS-HUD-Kamera,,,,,,,,6 Monate,,1000 km,,,ADA,0,,0,deny,manual,870,,FALSCH,WAHR
Volvo-V90-T4-Momentum-Geartronic-BLIS-HUD-Kamera,,,,,,,,6 Monate,,1500 km,,,ADA,0,,0,deny,manual,935,,FALSCH,WAHR
Volvo-V90-T4-Momentum-Geartronic-BLIS-HUD-Kamera,,,,,,,,6 Monate,,2000 km,,,ADA,0,,0,deny,manual,1000,,FALSCH,WAHR
Volvo-V90-T4-Momentum-Geartronic-BLIS-HUD-Kamera,,,,,,,,6 Monate,,2500 km,,,ADA,0,,0,deny,manual,1087,,FALSCH,WAHR
Volvo-V90-T4-Momentum-Geartronic-BLIS-HUD-Kamera,,,,,,,,7 Monate,,500 km,,,ADA,0,,0,deny,manual,820,,FALSCH,WAHR
Volvo-V90-T4-Momentum-Geartronic-BLIS-HUD-Kamera,,,,,,,,7 Monate,,1000 km,,,ADA,0,,0,deny,manual,886,,FALSCH,WAHR
Volvo-V90-T4-Momentum-Geartronic-BLIS-HUD-Kamera,,,,,,,,7 Monate,,1500 km,,,ADA,0,,0,deny,manual,951,,FALSCH,WAHR
Volvo-V90-T4-Momentum-Geartronic-BLIS-HUD-Kamera,,,,,,,,7 Monate,,2000 km,,,ADA,0,,0,deny,manual,1016,,FALSCH,WAHR
Volvo-V90-T4-Momentum-Geartronic-BLIS-HUD-Kamera,,,,,,,,7 Monate,,2500 km,,,ADA,0,,0,deny,manual,1081,,FALSCH,WAHR
Volvo-V90-T4-Momentum-Geartronic-BLIS-HUD-Kamera,,,,,,,,8 Monate,,500 km,,,ADA,0,,0,deny,manual,816,,FALSCH,WAHR
Volvo-V90-T4-Momentum-Geartronic-BLIS-HUD-Kamera,,,,,,,,8 Monate,,1000 km,,,ADA,0,,0,deny,manual,881,,FALSCH,WAHR
Volvo-V90-T4-Momentum-Geartronic-BLIS-HUD-Kamera,,,,,,,,8 Monate,,1500 km,,,ADA,0,,0,deny,manual,946,,FALSCH,WAHR
Volvo-V90-T4-Momentum-Geartronic-BLIS-HUD-Kamera,,,,,,,,8 Monate,,2000 km,,,ADA,0,,0,deny,manual,1011,,FALSCH,WAHR
Volvo-V90-T4-Momentum-Geartronic-BLIS-HUD-Kamera,,,,,,,,8 Monate,,2500 km,,,ADA,0,,0,deny,manual,1076,,FALSCH,WAHR
Volvo-V90-T4-Momentum-Geartronic-BLIS-HUD-Kamera,,,,,,,,9 Monate,,500 km,,,ADA,0,,0,deny,manual,812,,FALSCH,WAHR
Volvo-V90-T4-Momentum-Geartronic-BLIS-HUD-Kamera,,,,,,,,9 Monate,,1000 km,,,ADA,0,,0,deny,manual,877,,FALSCH,WAHR
Volvo-V90-T4-Momentum-Geartronic-BLIS-HUD-Kamera,,,,,,,,9 Monate,,1500 km,,,ADA,0,,0,deny,manual,942,,FALSCH,WAHR
Volvo-V90-T4-Momentum-Geartronic-BLIS-HUD-Kamera,,,,,,,,9 Monate,,2000 km,,,ADA,0,,0,deny,manual,1007,,FALSCH,WAHR
Volvo-V90-T4-Momentum-Geartronic-BLIS-HUD-Kamera,,,,,,,,9 Monate,,2500 km,,,ADA,0,,0,deny,manual,1073,,FALSCH,WAHR
Volvo-V90-T4-Momentum-Geartronic-BLIS-HUD-Kamera,,,,,,,,10 Monate,,500 km,,,ADA,0,,0,deny,manual,809,,FALSCH,WAHR
Volvo-V90-T4-Momentum-Geartronic-BLIS-HUD-Kamera,,,,,,,,10 Monate,,1000 km,,,ADA,0,,0,deny,manual,874,,FALSCH,WAHR
Volvo-V90-T4-Momentum-Geartronic-BLIS-HUD-Kamera,,,,,,,,10 Monate,,1500 km,,,ADA,0,,0,deny,manual,939,,FALSCH,WAHR
Volvo-V90-T4-Momentum-Geartronic-BLIS-HUD-Kamera,,,,,,,,10 Monate,,2000 km,,,ADA,0,,0,deny,manual,1005,,FALSCH,WAHR
Volvo-V90-T4-Momentum-Geartronic-BLIS-HUD-Kamera,,,,,,,,10 Monate,,2500 km,,,ADA,0,,0,deny,manual,1070,,FALSCH,WAHR
Volvo-V90-T4-Momentum-Geartronic-BLIS-HUD-Kamera,,,,,,,,11 Monate,,500 km,,,ADA,0,,0,deny,manual,807,,FALSCH,WAHR
Volvo-V90-T4-Momentum-Geartronic-BLIS-HUD-Kamera,,,,,,,,11 Monate,,1000 km,,,ADA,0,,0,deny,manual,872,,FALSCH,WAHR
Volvo-V90-T4-Momentum-Geartronic-BLIS-HUD-Kamera,,,,,,,,11 Monate,,1500 km,,,ADA,0,,0,deny,manual,937,,FALSCH,WAHR
Volvo-V90-T4-Momentum-Geartronic-BLIS-HUD-Kamera,,,,,,,,11 Monate,,2000 km,,,ADA,0,,0,deny,manual,1002,,FALSCH,WAHR
Volvo-V90-T4-Momentum-Geartronic-BLIS-HUD-Kamera,,,,,,,,11 Monate,,2500 km,,,ADA,0,,0,deny,manual,1067,,FALSCH,WAHR
Volvo-V90-T4-Momentum-Geartronic-BLIS-HUD-Kamera,,,,,,,,12 Monate,,500 km,,,ADA,0,,0,deny,manual,805,,FALSCH,WAHR
Volvo-V90-T4-Momentum-Geartronic-BLIS-HUD-Kamera,,,,,,,,12 Monate,,1000 km,,,ADA,0,,0,deny,manual,870,,FALSCH,WAHR
Volvo-V90-T4-Momentum-Geartronic-BLIS-HUD-Kamera,,,,,,,,12 Monate,,1500 km,,,ADA,0,,0,deny,manual,935,,FALSCH,WAHR
Volvo-V90-T4-Momentum-Geartronic-BLIS-HUD-Kamera,,,,,,,,12 Monate,,2000 km,,,ADA,0,,0,deny,manual,1000,,FALSCH,WAHR
Volvo-V90-T4-Momentum-Geartronic-BLIS-HUD-Kamera,,,,,,,,12 Monate,,2500 km,,,ADA,0,,0,deny,manual,1065,,FALSCH,WAHR
