Dealer name,Dealer adress,Purchase price,Reselling price,Handle,Title,Body (HTML),Vendor,Type,Tags,Published,Option1 Name,Option1 Value,Option2 Name,Option2 Value,Option3 Name,Option3 Value,Variant SKU,Variant Grams,Variant Inventory Tracker,Variant Inventory Qty,Variant Inventory Policy,Variant Fulfillment Service,Variant Price,Variant Compare At Price,Variant Requires Shipping,Variant Taxable,Variant Barcode,Image Src,Image Position,Image Src,Image Position,Image Src,Image Position,Image Src,Image Position,Image Src,Image Position,Image Src,Image Position,Image Src,Image Position,Image Src,Image Position,Image Src,Image Position,Image Src,Image Position,Image Src,Image Position,Image Src,Image Position,Image Src,Image Position,Image Src,Image Position,Image Src,Image Position,Image Src,Image Position,Image Src,Image Position,Image Src,Image Position,Image Src,Image Position,Image Src,Image Position,Image Src,Image Position,Image Src,Image Position,Image Alt Text,Gift Card,SEO Title,SEO Description,Google Shopping / Google Product Category,Google Shopping / Gender,Google Shopping / Age Group,Google Shopping / MPN,Google Shopping / AdWords Grouping,Google Shopping / AdWords Labels,Google Shopping / Condition,Google Shopping / Custom Product,Google Shopping / Custom Label 0,Google Shopping / Custom Label 1,Google Shopping / Custom Label 2,Google Shopping / Custom Label 3,Google Shopping / Custom Label 4,Variant Image,Variant Weight Unit,Variant Tax Code,Cost per item
Autohaus Koch GmbH,"Marzahner Chaussee 219
12681 Berlin
Deutschland",10950,10454,Mazda-2-1.5l-SKY-G-75PS-Center--Line-SHZ-PDC-Tempomat,Mazda 2 1.5l SKY-G 75PS Center -Line SHZ PDC Tempomat,"<p>
<strong>Abholadresse</strong>
Marzahner Chaussee 219
12681 Berlin
Deutschland<br>
<strong>Fahrzeugzustand</strong>
Unfallfrei<br>
<strong>Kategorie</strong>
Limousine<br>
<strong>Herkunft</strong>
Deutsche Ausführung<br>
<strong>Kilometerstand</strong>
35.000 km<br>
<strong>Hubraum</strong>
1.496 cm³<br>
<strong>Leistung</strong>
55 kW (75 PS)<br>
<strong>Kraftstoffart</strong>
Benzin<br>
<strong>Verbrauch</strong><br>
ca. 4,7 l/100km (kombiniert)<br>
ca. 6,1 l/100km (innerorts)<br>
ca. 3,9 l/100km (außerorts)<br>
<strong>CO2-Emission</strong>
ca. 111 g/km (kombiniert)<br>
<strong>Anzahl der Türen</strong>
4/5<br>
<strong>Anzahl Sitzplätze</strong>
5<br>
<strong>Getriebe</strong>
Schaltgetriebe<br>
<strong>Schadstoffklasse</strong>
Euro6<br>
<strong>Umweltplakette</strong>
4 (Grün)<br>
<strong>Erstzulassung</strong>
08/2016<br>
<strong>Anzahl der Fahrzeughalter</strong>
2<br>
<strong>HU</strong>
Neu<br>
<strong>Klimatisierung</strong>
Klimaanlage<br>
<strong>Farbe (Hersteller)</strong>
Onyxschwarz<br>
<strong>Farbe</strong>
Schwarz Metallic<br>
<strong>Innenausstattung</strong>
Stoff, Andere<br>
<strong>Weitere Eigenschaften</strong><br>
ABS, Berganfahrassistent, Bluetooth, Bordcomputer, Elektr. Fensterheber, Elektr. Seitenspiegel, Elektr. Wegfahrsperre, ESP, Freisprecheinrichtung, Garantie, Isofix, Lederlenkrad, Lichtsensor, Multifunktionslenkrad, Musikstreaming integriert, Nichtraucher-Fahrzeug, Pannenkit, Regensensor, Reifendruckkontrolle, Scheckheftgepflegt, Servolenkung, Sitzheizung, Sprachsteuerung, Stahlfelgen, Start/Stopp-Automatik, Tagfahrlicht, Tempomat, Traktionskontrolle, Tuner/Radio, USB, Zentralverriegelung
</p>",Mazda,,"Marke_Mazda, Typ_Limousine, Alter_maximal 5 Jahre,Alter_Alle, Kilometerstand_maximal 50.000 km,Kilometerstand_maximal 80.000 km,Kilometerstand_maximal 100.000 km, Leistung_70 bis 100 PS,Leistung_Alle, Schaltung_Schaltgetriebe, Farbe_Schwarz, Kraftstoff_Benzin, Zustand_Gebraucht, Preis_Premium (ab 400 €)",WAHR,Deine Abo Dauer,3 Monate,Dein monatliches Kilometerpaket,500 km,,,ADA,0,,0,deny,manual,409,,FALSCH,WAHR,,https://i.ebayimg.com/00/s/NDI3WDY0MA==/z/cPYAAOSwhj9fQAAc/$_27.JPG,1,https://i.ebayimg.com/00/s/NDI3WDY0MA==/z/EzQAAOSwPf5fQAAX/$_27.JPG,2,https://i.ebayimg.com/00/s/NDI3WDY0MA==/z/sJgAAOSwpRxfQAAX/$_27.JPG,3,https://i.ebayimg.com/00/s/NDI3WDY0MA==/z/qv4AAOSwNxZfQAAX/$_27.JPG,4,https://i.ebayimg.com/00/s/NDI3WDY0MA==/z/aR8AAOSwcwJfQAAX/$_27.JPG,5,https://i.ebayimg.com/00/s/NDI3WDY0MA==/z/~IoAAOSwD~FfQAAX/$_27.JPG,6,https://i.ebayimg.com/00/s/NDI3WDY0MA==/z/dDUAAOSwfZVfQAAX/$_27.JPG,7,https://i.ebayimg.com/00/s/NDI3WDY0MA==/z/2LIAAOSwhXBfQAAX/$_27.JPG,8,https://i.ebayimg.com/00/s/NDI3WDY0MA==/z/ykoAAOSw0ntfQAAZ/$_27.JPG,9,https://i.ebayimg.com/00/s/NDI3WDY0MA==/z/hOIAAOSw6RBfQAAZ/$_27.JPG,10,https://i.ebayimg.com/00/s/NDI3WDY0MA==/z/YwEAAOSwhnNfQAAX/$_27.JPG,11,https://i.ebayimg.com/00/s/NDI3WDY0MA==/z/yFoAAOSwmzFfQAAX/$_27.JPG,12,https://i.ebayimg.com/00/s/NDI3WDY0MA==/z/IUYAAOSwG-dfQAAX/$_27.JPG,13,https://i.ebayimg.com/00/s/NDI3WDY0MA==/z/I8IAAOSwnxlfQAAY/$_27.JPG,14,https://i.ebayimg.com/00/s/NDI3WDY0MA==/z/mXMAAOSwl5dfQAAZ/$_27.JPG,15,https://i.ebayimg.com/00/s/NDI3WDY0MA==/z/cPYAAOSwhj9fQAAc/$_27.JPG,16,,,,,,,,,,,nil
,,,10399,Mazda-2-1.5l-SKY-G-75PS-Center--Line-SHZ-PDC-Tempomat,,,,,,,,3 Monate,,1000 km,,,ADA,0,,0,deny,manual,429,,FALSCH,WAHR
,,,10345,Mazda-2-1.5l-SKY-G-75PS-Center--Line-SHZ-PDC-Tempomat,,,,,,,,3 Monate,,1500 km,,,ADA,0,,0,deny,manual,449,,FALSCH,WAHR
,,,10290,Mazda-2-1.5l-SKY-G-75PS-Center--Line-SHZ-PDC-Tempomat,,,,,,,,3 Monate,,2000 km,,,ADA,0,,0,deny,manual,469,,FALSCH,WAHR
,,,10235,Mazda-2-1.5l-SKY-G-75PS-Center--Line-SHZ-PDC-Tempomat,,,,,,,,3 Monate,,2500 km,,,ADA,0,,0,deny,manual,489,,FALSCH,WAHR
,,,10322,Mazda-2-1.5l-SKY-G-75PS-Center--Line-SHZ-PDC-Tempomat,,,,,,,,4 Monate,,500 km,,,ADA,0,,0,deny,manual,389,,FALSCH,WAHR
,,,10249,Mazda-2-1.5l-SKY-G-75PS-Center--Line-SHZ-PDC-Tempomat,,,,,,,,4 Monate,,1000 km,,,ADA,0,,0,deny,manual,409,,FALSCH,WAHR
,,,10176,Mazda-2-1.5l-SKY-G-75PS-Center--Line-SHZ-PDC-Tempomat,,,,,,,,4 Monate,,1500 km,,,ADA,0,,0,deny,manual,429,,FALSCH,WAHR
,,,10103,Mazda-2-1.5l-SKY-G-75PS-Center--Line-SHZ-PDC-Tempomat,,,,,,,,4 Monate,,2000 km,,,ADA,0,,0,deny,manual,449,,FALSCH,WAHR
,,,10030,Mazda-2-1.5l-SKY-G-75PS-Center--Line-SHZ-PDC-Tempomat,,,,,,,,4 Monate,,2500 km,,,ADA,0,,0,deny,manual,469,,FALSCH,WAHR
,,,10190,Mazda-2-1.5l-SKY-G-75PS-Center--Line-SHZ-PDC-Tempomat,,,,,,,,5 Monate,,500 km,,,ADA,0,,0,deny,manual,377,,FALSCH,WAHR
,,,10099,Mazda-2-1.5l-SKY-G-75PS-Center--Line-SHZ-PDC-Tempomat,,,,,,,,5 Monate,,1000 km,,,ADA,0,,0,deny,manual,397,,FALSCH,WAHR
,,,10008,Mazda-2-1.5l-SKY-G-75PS-Center--Line-SHZ-PDC-Tempomat,,,,,,,,5 Monate,,1500 km,,,ADA,0,,0,deny,manual,417,,FALSCH,WAHR
,,,9916,Mazda-2-1.5l-SKY-G-75PS-Center--Line-SHZ-PDC-Tempomat,,,,,,,,5 Monate,,2000 km,,,ADA,0,,0,deny,manual,437,,FALSCH,WAHR
,,,9825,Mazda-2-1.5l-SKY-G-75PS-Center--Line-SHZ-PDC-Tempomat,,,,,,,,5 Monate,,2500 km,,,ADA,0,,0,deny,manual,457,,FALSCH,WAHR
,,,10058,Mazda-2-1.5l-SKY-G-75PS-Center--Line-SHZ-PDC-Tempomat,,,,,,,,6 Monate,,500 km,,,ADA,0,,0,deny,manual,369,,FALSCH,WAHR
,,,9949,Mazda-2-1.5l-SKY-G-75PS-Center--Line-SHZ-PDC-Tempomat,,,,,,,,6 Monate,,1000 km,,,ADA,0,,0,deny,manual,389,,FALSCH,WAHR
,,,9839,Mazda-2-1.5l-SKY-G-75PS-Center--Line-SHZ-PDC-Tempomat,,,,,,,,6 Monate,,1500 km,,,ADA,0,,0,deny,manual,409,,FALSCH,WAHR
,,,9730,Mazda-2-1.5l-SKY-G-75PS-Center--Line-SHZ-PDC-Tempomat,,,,,,,,6 Monate,,2000 km,,,ADA,0,,0,deny,manual,429,,FALSCH,WAHR
,,,9620,Mazda-2-1.5l-SKY-G-75PS-Center--Line-SHZ-PDC-Tempomat,,,,,,,,6 Monate,,2500 km,,,ADA,0,,0,deny,manual,468,,FALSCH,WAHR
,,,9926,Mazda-2-1.5l-SKY-G-75PS-Center--Line-SHZ-PDC-Tempomat,,,,,,,,7 Monate,,500 km,,,ADA,0,,0,deny,manual,379,,FALSCH,WAHR
,,,9798,Mazda-2-1.5l-SKY-G-75PS-Center--Line-SHZ-PDC-Tempomat,,,,,,,,7 Monate,,1000 km,,,ADA,0,,0,deny,manual,399,,FALSCH,WAHR
,,,9671,Mazda-2-1.5l-SKY-G-75PS-Center--Line-SHZ-PDC-Tempomat,,,,,,,,7 Monate,,1500 km,,,ADA,0,,0,deny,manual,419,,FALSCH,WAHR
,,,9543,Mazda-2-1.5l-SKY-G-75PS-Center--Line-SHZ-PDC-Tempomat,,,,,,,,7 Monate,,2000 km,,,ADA,0,,0,deny,manual,439,,FALSCH,WAHR
,,,9415,Mazda-2-1.5l-SKY-G-75PS-Center--Line-SHZ-PDC-Tempomat,,,,,,,,7 Monate,,2500 km,,,ADA,0,,0,deny,manual,459,,FALSCH,WAHR
,,,9794,Mazda-2-1.5l-SKY-G-75PS-Center--Line-SHZ-PDC-Tempomat,,,,,,,,8 Monate,,500 km,,,ADA,0,,0,deny,manual,373,,FALSCH,WAHR
,,,9648,Mazda-2-1.5l-SKY-G-75PS-Center--Line-SHZ-PDC-Tempomat,,,,,,,,8 Monate,,1000 km,,,ADA,0,,0,deny,manual,393,,FALSCH,WAHR
,,,9502,Mazda-2-1.5l-SKY-G-75PS-Center--Line-SHZ-PDC-Tempomat,,,,,,,,8 Monate,,1500 km,,,ADA,0,,0,deny,manual,413,,FALSCH,WAHR
,,,9356,Mazda-2-1.5l-SKY-G-75PS-Center--Line-SHZ-PDC-Tempomat,,,,,,,,8 Monate,,2000 km,,,ADA,0,,0,deny,manual,433,,FALSCH,WAHR
,,,9210,Mazda-2-1.5l-SKY-G-75PS-Center--Line-SHZ-PDC-Tempomat,,,,,,,,8 Monate,,2500 km,,,ADA,0,,0,deny,manual,453,,FALSCH,WAHR
,,,9662,Mazda-2-1.5l-SKY-G-75PS-Center--Line-SHZ-PDC-Tempomat,,,,,,,,9 Monate,,500 km,,,ADA,0,,0,deny,manual,368,,FALSCH,WAHR
,,,9498,Mazda-2-1.5l-SKY-G-75PS-Center--Line-SHZ-PDC-Tempomat,,,,,,,,9 Monate,,1000 km,,,ADA,0,,0,deny,manual,388,,FALSCH,WAHR
,,,9334,Mazda-2-1.5l-SKY-G-75PS-Center--Line-SHZ-PDC-Tempomat,,,,,,,,9 Monate,,1500 km,,,ADA,0,,0,deny,manual,408,,FALSCH,WAHR
,,,9169,Mazda-2-1.5l-SKY-G-75PS-Center--Line-SHZ-PDC-Tempomat,,,,,,,,9 Monate,,2000 km,,,ADA,0,,0,deny,manual,428,,FALSCH,WAHR
,,,9005,Mazda-2-1.5l-SKY-G-75PS-Center--Line-SHZ-PDC-Tempomat,,,,,,,,9 Monate,,2500 km,,,ADA,0,,0,deny,manual,448,,FALSCH,WAHR
,,,9530,Mazda-2-1.5l-SKY-G-75PS-Center--Line-SHZ-PDC-Tempomat,,,,,,,,10 Monate,,500 km,,,ADA,0,,0,deny,manual,364,,FALSCH,WAHR
,,,9348,Mazda-2-1.5l-SKY-G-75PS-Center--Line-SHZ-PDC-Tempomat,,,,,,,,10 Monate,,1000 km,,,ADA,0,,0,deny,manual,384,,FALSCH,WAHR
,,,9165,Mazda-2-1.5l-SKY-G-75PS-Center--Line-SHZ-PDC-Tempomat,,,,,,,,10 Monate,,1500 km,,,ADA,0,,0,deny,manual,404,,FALSCH,WAHR
,,,8983,Mazda-2-1.5l-SKY-G-75PS-Center--Line-SHZ-PDC-Tempomat,,,,,,,,10 Monate,,2000 km,,,ADA,0,,0,deny,manual,424,,FALSCH,WAHR
,,,8800,Mazda-2-1.5l-SKY-G-75PS-Center--Line-SHZ-PDC-Tempomat,,,,,,,,10 Monate,,2500 km,,,ADA,0,,0,deny,manual,444,,FALSCH,WAHR
,,,9398,Mazda-2-1.5l-SKY-G-75PS-Center--Line-SHZ-PDC-Tempomat,,,,,,,,11 Monate,,500 km,,,ADA,0,,0,deny,manual,361,,FALSCH,WAHR
,,,9197,Mazda-2-1.5l-SKY-G-75PS-Center--Line-SHZ-PDC-Tempomat,,,,,,,,11 Monate,,1000 km,,,ADA,0,,0,deny,manual,381,,FALSCH,WAHR
,,,8997,Mazda-2-1.5l-SKY-G-75PS-Center--Line-SHZ-PDC-Tempomat,,,,,,,,11 Monate,,1500 km,,,ADA,0,,0,deny,manual,401,,FALSCH,WAHR
,,,8796,Mazda-2-1.5l-SKY-G-75PS-Center--Line-SHZ-PDC-Tempomat,,,,,,,,11 Monate,,2000 km,,,ADA,0,,0,deny,manual,421,,FALSCH,WAHR
,,,8595,Mazda-2-1.5l-SKY-G-75PS-Center--Line-SHZ-PDC-Tempomat,,,,,,,,11 Monate,,2500 km,,,ADA,0,,0,deny,manual,441,,FALSCH,WAHR
,,,9266,Mazda-2-1.5l-SKY-G-75PS-Center--Line-SHZ-PDC-Tempomat,,,,,,,,12 Monate,,500 km,,,ADA,0,,0,deny,manual,358,,FALSCH,WAHR
,,,9047,Mazda-2-1.5l-SKY-G-75PS-Center--Line-SHZ-PDC-Tempomat,,,,,,,,12 Monate,,1000 km,,,ADA,0,,0,deny,manual,378,,FALSCH,WAHR
,,,8828,Mazda-2-1.5l-SKY-G-75PS-Center--Line-SHZ-PDC-Tempomat,,,,,,,,12 Monate,,1500 km,,,ADA,0,,0,deny,manual,398,,FALSCH,WAHR
,,,8609,Mazda-2-1.5l-SKY-G-75PS-Center--Line-SHZ-PDC-Tempomat,,,,,,,,12 Monate,,2000 km,,,ADA,0,,0,deny,manual,418,,FALSCH,WAHR
,,,8390,Mazda-2-1.5l-SKY-G-75PS-Center--Line-SHZ-PDC-Tempomat,,,,,,,,12 Monate,,2500 km,,,ADA,0,,0,deny,manual,439,,FALSCH,WAHR
Autohaus Koch GmbH,"Marzahner Chaussee 219
12681 Berlin
Deutschland",25590,24655,"Mazda-3-SKY-G-150PS-ACC-MatrixLED-18""-360View-Navi-SHZ","Mazda 3 SKY-G 150PS ACC MatrixLED 18"" 360View Navi SHZ","<p>
<strong>Abholadresse</strong>
Marzahner Chaussee 219
12681 Berlin
Deutschland<br>
<strong>Fahrzeugzustand</strong>
Unfallfrei<br>
<strong>Kategorie</strong>
Limousine, Vorführfahrzeug<br>
<strong>Herkunft</strong>
Deutsche Ausführung<br>
<strong>Kilometerstand</strong>
5.000 km<br>
<strong>Hubraum</strong>
1.998 cm³<br>
<strong>Leistung</strong>
110 kW (150 PS)<br>
<strong>Kraftstoffart</strong>
Benzin<br>
<strong>Verbrauch</strong><br>
5,1 l/100km (kombiniert)<br>*
6,2 l/100km (innerorts)<br>*
4,5 l/100km (außerorts)<br>*
<strong>CO2-Emission</strong>
116 g/km (kombiniert)*<br>
<strong>Anzahl der Türen</strong>
4/5<br>
<strong>Anzahl Sitzplätze</strong>
5<br>
<strong>Getriebe</strong>
Schaltgetriebe<br>
<strong>Schadstoffklasse</strong>
Euro6d<br>
<strong>Umweltplakette</strong>
4 (Grün)<br>
<strong>Erstzulassung</strong>
08/2020<br>
<strong>Anzahl der Fahrzeughalter</strong>
1<br>
<strong>HU</strong>
Neu<br>
<strong>Klimatisierung</strong>
2-Zonen-Klimaautomatik<br>
<strong>Farbe (Hersteller)</strong>
Mitternachtsblau<br>
<strong>Farbe</strong>
Blau Metallic<br>
<strong>Innenausstattung</strong>
Stoff, Andere<br>
<strong>Weitere Eigenschaften</strong><br>
ABS, Abstandstempomat, Abstandswarner, Adaptives Kurvenlicht, Alarmanlage, Android Auto, Apple CarPlay, Armlehne, Beheizbares Lenkrad, Berganfahrassistent, Blendfreies Fernlicht, Bluetooth, Bordcomputer, Elektr. Fensterheber, Elektr. Seitenspiegel, Elektr. Wegfahrsperre, ESP, Fernlichtassistent, Freisprecheinrichtung, Garantie, Geschwindigkeitsbegrenzer, Head-Up Display, Innenspiegel autom. abblendend, Isofix, Lederlenkrad, LED-Scheinwerfer, LED-Tagfahrlicht, Leichtmetallfelgen, Lichtsensor, Lordosenstütze, Müdigkeitswarner, Multifunktionslenkrad, Musikstreaming integriert, Navigationssystem, Nichtraucher-Fahrzeug, Notbremsassistent, Notrufsystem, Pannenkit, Radio DAB, Regensensor, Reifendruckkontrolle, Scheckheftgepflegt, Scheinwerferreinigung, Schlüssellose Zentralverriegelung, Servolenkung, Sitzheizung, Sommerreifen, Sprachsteuerung, Spurhalteassistent, Start/Stopp-Automatik, Totwinkel-Assistent, Traktionskontrolle, Tuner/Radio, USB, Verkehrszeichenerkennung, Volldigitales Kombiinstrument, Zentralverriegelung
</p>",Mazda,,"Marke_Mazda, Typ_Limousine, Alter_maximal 2 Jahre,Alter_maximal 5 Jahre,Alter_Alle, Kilometerstand_maximal 20.000 km,Kilometerstand_maximal 50.000 km,Kilometerstand_maximal 80.000 km,Kilometerstand_maximal 100.000 km, Leistung_Alle, Schaltung_Schaltgetriebe, Farbe_Blau, Kraftstoff_Benzin, Zustand_Gebraucht, Preis_Premium (ab 400 €)",WAHR,Deine Abo Dauer,3 Monate,Dein monatliches Kilometerpaket,500 km,,,ADA,0,,0,deny,manual,681,,FALSCH,WAHR,,https://i.ebayimg.com/00/s/NDI3WDY0MA==/z/HawAAOSw6RNe~haz/$_27.JPG,1,https://i.ebayimg.com/00/s/NDI3WDY0MA==/z/ZAQAAOSwbdde~haz/$_27.JPG,2,https://i.ebayimg.com/00/s/NDI3WDY0MA==/z/nBAAAOSw5CZe~haz/$_27.JPG,3,https://i.ebayimg.com/00/s/NDI3WDY0MA==/z/BGYAAOSwZDde~haz/$_27.JPG,4,https://i.ebayimg.com/00/s/NDI3WDY0MA==/z/RZUAAOSwAlVe~haz/$_27.JPG,5,https://i.ebayimg.com/00/s/NDI3WDY0MA==/z/bv4AAOSwgXle~haz/$_27.JPG,6,https://i.ebayimg.com/00/s/NDI3WDY0MA==/z/KR8AAOSwSvJe~haz/$_27.JPG,7,https://i.ebayimg.com/00/s/NDI3WDY0MA==/z/tmoAAOSwQ2te~haz/$_27.JPG,8,https://i.ebayimg.com/00/s/NDI3WDY0MA==/z/O-sAAOSwPT1e~haz/$_27.JPG,9,https://i.ebayimg.com/00/s/NDI3WDY0MA==/z/i0IAAOSwdRVe~haz/$_27.JPG,10,https://i.ebayimg.com/00/s/NDI3WDY0MA==/z/EGwAAOSwBbte~haz/$_27.JPG,11,https://i.ebayimg.com/00/s/NDI3WDY0MA==/z/NBUAAOSw5N9e~haz/$_27.JPG,12,https://i.ebayimg.com/00/s/NDI3WDY0MA==/z/10cAAOSwieFe~haz/$_27.JPG,13,https://i.ebayimg.com/00/s/NDI3WDY0MA==/z/ti0AAOSwzmxe~haz/$_27.JPG,14,https://i.ebayimg.com/00/s/NDI3WDY0MA==/z/Tn4AAOSwGUxe~ha0/$_27.JPG,15,https://i.ebayimg.com/00/s/NDI3WDY0MA==/z/HawAAOSw6RNe~haz/$_27.JPG,16,,,,,,,,,,,nil
,,,24527,"Mazda-3-SKY-G-150PS-ACC-MatrixLED-18""-360View-Navi-SHZ",,,,,,,,3 Monate,,1000 km,,,ADA,0,,0,deny,manual,728,,FALSCH,WAHR
,,,24399,"Mazda-3-SKY-G-150PS-ACC-MatrixLED-18""-360View-Navi-SHZ",,,,,,,,3 Monate,,1500 km,,,ADA,0,,0,deny,manual,775,,FALSCH,WAHR
,,,24271,"Mazda-3-SKY-G-150PS-ACC-MatrixLED-18""-360View-Navi-SHZ",,,,,,,,3 Monate,,2000 km,,,ADA,0,,0,deny,manual,822,,FALSCH,WAHR
,,,24143,"Mazda-3-SKY-G-150PS-ACC-MatrixLED-18""-360View-Navi-SHZ",,,,,,,,3 Monate,,2500 km,,,ADA,0,,0,deny,manual,869,,FALSCH,WAHR
,,,24376,"Mazda-3-SKY-G-150PS-ACC-MatrixLED-18""-360View-Navi-SHZ",,,,,,,,4 Monate,,500 km,,,ADA,0,,0,deny,manual,661,,FALSCH,WAHR
,,,24206,"Mazda-3-SKY-G-150PS-ACC-MatrixLED-18""-360View-Navi-SHZ",,,,,,,,4 Monate,,1000 km,,,ADA,0,,0,deny,manual,708,,FALSCH,WAHR
,,,24035,"Mazda-3-SKY-G-150PS-ACC-MatrixLED-18""-360View-Navi-SHZ",,,,,,,,4 Monate,,1500 km,,,ADA,0,,0,deny,manual,755,,FALSCH,WAHR
,,,23865,"Mazda-3-SKY-G-150PS-ACC-MatrixLED-18""-360View-Navi-SHZ",,,,,,,,4 Monate,,2000 km,,,ADA,0,,0,deny,manual,802,,FALSCH,WAHR
,,,23694,"Mazda-3-SKY-G-150PS-ACC-MatrixLED-18""-360View-Navi-SHZ",,,,,,,,4 Monate,,2500 km,,,ADA,0,,0,deny,manual,849,,FALSCH,WAHR
,,,24098,"Mazda-3-SKY-G-150PS-ACC-MatrixLED-18""-360View-Navi-SHZ",,,,,,,,5 Monate,,500 km,,,ADA,0,,0,deny,manual,649,,FALSCH,WAHR
,,,23885,"Mazda-3-SKY-G-150PS-ACC-MatrixLED-18""-360View-Navi-SHZ",,,,,,,,5 Monate,,1000 km,,,ADA,0,,0,deny,manual,696,,FALSCH,WAHR
,,,23672,"Mazda-3-SKY-G-150PS-ACC-MatrixLED-18""-360View-Navi-SHZ",,,,,,,,5 Monate,,1500 km,,,ADA,0,,0,deny,manual,743,,FALSCH,WAHR
,,,23458,"Mazda-3-SKY-G-150PS-ACC-MatrixLED-18""-360View-Navi-SHZ",,,,,,,,5 Monate,,2000 km,,,ADA,0,,0,deny,manual,790,,FALSCH,WAHR
,,,23245,"Mazda-3-SKY-G-150PS-ACC-MatrixLED-18""-360View-Navi-SHZ",,,,,,,,5 Monate,,2500 km,,,ADA,0,,0,deny,manual,837,,FALSCH,WAHR
,,,23820,"Mazda-3-SKY-G-150PS-ACC-MatrixLED-18""-360View-Navi-SHZ",,,,,,,,6 Monate,,500 km,,,ADA,0,,0,deny,manual,641,,FALSCH,WAHR
,,,23564,"Mazda-3-SKY-G-150PS-ACC-MatrixLED-18""-360View-Navi-SHZ",,,,,,,,6 Monate,,1000 km,,,ADA,0,,0,deny,manual,688,,FALSCH,WAHR
,,,23308,"Mazda-3-SKY-G-150PS-ACC-MatrixLED-18""-360View-Navi-SHZ",,,,,,,,6 Monate,,1500 km,,,ADA,0,,0,deny,manual,735,,FALSCH,WAHR
,,,23052,"Mazda-3-SKY-G-150PS-ACC-MatrixLED-18""-360View-Navi-SHZ",,,,,,,,6 Monate,,2000 km,,,ADA,0,,0,deny,manual,782,,FALSCH,WAHR
,,,22796,"Mazda-3-SKY-G-150PS-ACC-MatrixLED-18""-360View-Navi-SHZ",,,,,,,,6 Monate,,2500 km,,,ADA,0,,0,deny,manual,848,,FALSCH,WAHR
,,,23541,"Mazda-3-SKY-G-150PS-ACC-MatrixLED-18""-360View-Navi-SHZ",,,,,,,,7 Monate,,500 km,,,ADA,0,,0,deny,manual,651,,FALSCH,WAHR
,,,23243,"Mazda-3-SKY-G-150PS-ACC-MatrixLED-18""-360View-Navi-SHZ",,,,,,,,7 Monate,,1000 km,,,ADA,0,,0,deny,manual,698,,FALSCH,WAHR
,,,22944,"Mazda-3-SKY-G-150PS-ACC-MatrixLED-18""-360View-Navi-SHZ",,,,,,,,7 Monate,,1500 km,,,ADA,0,,0,deny,manual,745,,FALSCH,WAHR
,,,22646,"Mazda-3-SKY-G-150PS-ACC-MatrixLED-18""-360View-Navi-SHZ",,,,,,,,7 Monate,,2000 km,,,ADA,0,,0,deny,manual,793,,FALSCH,WAHR
,,,22347,"Mazda-3-SKY-G-150PS-ACC-MatrixLED-18""-360View-Navi-SHZ",,,,,,,,7 Monate,,2500 km,,,ADA,0,,0,deny,manual,840,,FALSCH,WAHR
,,,23263,"Mazda-3-SKY-G-150PS-ACC-MatrixLED-18""-360View-Navi-SHZ",,,,,,,,8 Monate,,500 km,,,ADA,0,,0,deny,manual,645,,FALSCH,WAHR
,,,22922,"Mazda-3-SKY-G-150PS-ACC-MatrixLED-18""-360View-Navi-SHZ",,,,,,,,8 Monate,,1000 km,,,ADA,0,,0,deny,manual,692,,FALSCH,WAHR
,,,22580,"Mazda-3-SKY-G-150PS-ACC-MatrixLED-18""-360View-Navi-SHZ",,,,,,,,8 Monate,,1500 km,,,ADA,0,,0,deny,manual,739,,FALSCH,WAHR
,,,22239,"Mazda-3-SKY-G-150PS-ACC-MatrixLED-18""-360View-Navi-SHZ",,,,,,,,8 Monate,,2000 km,,,ADA,0,,0,deny,manual,786,,FALSCH,WAHR
,,,21898,"Mazda-3-SKY-G-150PS-ACC-MatrixLED-18""-360View-Navi-SHZ",,,,,,,,8 Monate,,2500 km,,,ADA,0,,0,deny,manual,833,,FALSCH,WAHR
,,,22984,"Mazda-3-SKY-G-150PS-ACC-MatrixLED-18""-360View-Navi-SHZ",,,,,,,,9 Monate,,500 km,,,ADA,0,,0,deny,manual,640,,FALSCH,WAHR
,,,22601,"Mazda-3-SKY-G-150PS-ACC-MatrixLED-18""-360View-Navi-SHZ",,,,,,,,9 Monate,,1000 km,,,ADA,0,,0,deny,manual,687,,FALSCH,WAHR
,,,22217,"Mazda-3-SKY-G-150PS-ACC-MatrixLED-18""-360View-Navi-SHZ",,,,,,,,9 Monate,,1500 km,,,ADA,0,,0,deny,manual,734,,FALSCH,WAHR
,,,21833,"Mazda-3-SKY-G-150PS-ACC-MatrixLED-18""-360View-Navi-SHZ",,,,,,,,9 Monate,,2000 km,,,ADA,0,,0,deny,manual,781,,FALSCH,WAHR
,,,21449,"Mazda-3-SKY-G-150PS-ACC-MatrixLED-18""-360View-Navi-SHZ",,,,,,,,9 Monate,,2500 km,,,ADA,0,,0,deny,manual,829,,FALSCH,WAHR
,,,22706,"Mazda-3-SKY-G-150PS-ACC-MatrixLED-18""-360View-Navi-SHZ",,,,,,,,10 Monate,,500 km,,,ADA,0,,0,deny,manual,636,,FALSCH,WAHR
,,,22280,"Mazda-3-SKY-G-150PS-ACC-MatrixLED-18""-360View-Navi-SHZ",,,,,,,,10 Monate,,1000 km,,,ADA,0,,0,deny,manual,683,,FALSCH,WAHR
,,,21853,"Mazda-3-SKY-G-150PS-ACC-MatrixLED-18""-360View-Navi-SHZ",,,,,,,,10 Monate,,1500 km,,,ADA,0,,0,deny,manual,730,,FALSCH,WAHR
,,,21427,"Mazda-3-SKY-G-150PS-ACC-MatrixLED-18""-360View-Navi-SHZ",,,,,,,,10 Monate,,2000 km,,,ADA,0,,0,deny,manual,778,,FALSCH,WAHR
,,,21000,"Mazda-3-SKY-G-150PS-ACC-MatrixLED-18""-360View-Navi-SHZ",,,,,,,,10 Monate,,2500 km,,,ADA,0,,0,deny,manual,825,,FALSCH,WAHR
,,,22428,"Mazda-3-SKY-G-150PS-ACC-MatrixLED-18""-360View-Navi-SHZ",,,,,,,,11 Monate,,500 km,,,ADA,0,,0,deny,manual,633,,FALSCH,WAHR
,,,21958,"Mazda-3-SKY-G-150PS-ACC-MatrixLED-18""-360View-Navi-SHZ",,,,,,,,11 Monate,,1000 km,,,ADA,0,,0,deny,manual,680,,FALSCH,WAHR
,,,21489,"Mazda-3-SKY-G-150PS-ACC-MatrixLED-18""-360View-Navi-SHZ",,,,,,,,11 Monate,,1500 km,,,ADA,0,,0,deny,manual,727,,FALSCH,WAHR
,,,21020,"Mazda-3-SKY-G-150PS-ACC-MatrixLED-18""-360View-Navi-SHZ",,,,,,,,11 Monate,,2000 km,,,ADA,0,,0,deny,manual,774,,FALSCH,WAHR
,,,20551,"Mazda-3-SKY-G-150PS-ACC-MatrixLED-18""-360View-Navi-SHZ",,,,,,,,11 Monate,,2500 km,,,ADA,0,,0,deny,manual,821,,FALSCH,WAHR
,,,22149,"Mazda-3-SKY-G-150PS-ACC-MatrixLED-18""-360View-Navi-SHZ",,,,,,,,12 Monate,,500 km,,,ADA,0,,0,deny,manual,630,,FALSCH,WAHR
,,,21637,"Mazda-3-SKY-G-150PS-ACC-MatrixLED-18""-360View-Navi-SHZ",,,,,,,,12 Monate,,1000 km,,,ADA,0,,0,deny,manual,678,,FALSCH,WAHR
,,,21126,"Mazda-3-SKY-G-150PS-ACC-MatrixLED-18""-360View-Navi-SHZ",,,,,,,,12 Monate,,1500 km,,,ADA,0,,0,deny,manual,725,,FALSCH,WAHR
,,,20614,"Mazda-3-SKY-G-150PS-ACC-MatrixLED-18""-360View-Navi-SHZ",,,,,,,,12 Monate,,2000 km,,,ADA,0,,0,deny,manual,772,,FALSCH,WAHR
,,,20102,"Mazda-3-SKY-G-150PS-ACC-MatrixLED-18""-360View-Navi-SHZ",,,,,,,,12 Monate,,2500 km,,,ADA,0,,0,deny,manual,819,,FALSCH,WAHR
Autohaus Koch GmbH,"Marzahner Chaussee 219
12681 Berlin
Deutschland",29590,28535,Mazda-6-K-SKY-G-165PS-AT-EXCLUSIVE-NAV-ACC-SHZ-ACAA,Mazda 6 K SKY-G 165PS AT EXCLUSIVE NAV ACC SHZ ACAA,"<p>
<strong>Abholadresse</strong>
Marzahner Chaussee 219
12681 Berlin
Deutschland<br>
<strong>Fahrzeugzustand</strong>
Unfallfrei<br>
<strong>Kategorie</strong>
Kombi, Vorführfahrzeug<br>
<strong>Herkunft</strong>
Deutsche Ausführung<br>
<strong>Kilometerstand</strong>
5.000 km<br>
<strong>Hubraum</strong>
1.998 cm³<br>
<strong>Leistung</strong>
121 kW (165 PS)<br>
<strong>Kraftstoffart</strong>
Benzin<br>
<strong>Verbrauch</strong><br>
6,2 l/100km (kombiniert)<br>*
7,5 l/100km (innerorts)<br>*
5,5 l/100km (außerorts)<br>*
<strong>CO2-Emission</strong>
142 g/km (kombiniert)*<br>
<strong>Anzahl der Türen</strong>
4/5<br>
<strong>Anzahl Sitzplätze</strong>
5<br>
<strong>Getriebe</strong>
Automatik<br>
<strong>Schadstoffklasse</strong>
Euro6d<br>
<strong>Umweltplakette</strong>
4 (Grün)<br>
<strong>Erstzulassung</strong>
01/2020<br>
<strong>Anzahl der Fahrzeughalter</strong>
<br>
<strong>HU</strong>
Neu<br>
<strong>Klimatisierung</strong>
2-Zonen-Klimaautomatik<br>
<strong>Farbe (Hersteller)</strong>
Matrixgrau Metallic<br>
<strong>Farbe</strong>
Grau Metallic<br>
<strong>Innenausstattung</strong>
Stoff, Andere<br>
<strong>Weitere Eigenschaften</strong><br>
ABS, Abstandstempomat, Abstandswarner, Adaptives Kurvenlicht, Android Auto, Apple CarPlay, Armlehne, Beheizbares Lenkrad, Berganfahrassistent, Bluetooth, Bordcomputer, CD-Spieler, Dachreling, Elektr. Fensterheber, Elektr. Wegfahrsperre, ESP, Fernlichtassistent, Freisprecheinrichtung, Garantie, Geschwindigkeitsbegrenzer, Head-Up Display, Innenspiegel autom. abblendend, Isofix, Lederlenkrad, LED-Scheinwerfer, LED-Tagfahrlicht, Leichtmetallfelgen, Lichtsensor, Lordosenstütze, Multifunktionslenkrad, Musikstreaming integriert, Navigationssystem, Nebelscheinwerfer, Nichtraucher-Fahrzeug, Notbremsassistent, Pannenkit, Radio DAB, Regensensor, Reifendruckkontrolle, Scheckheftgepflegt, Scheinwerferreinigung, Servolenkung, Sitzheizung, Sprachsteuerung, Spurhalteassistent, Start/Stopp-Automatik, Totwinkel-Assistent, Touchscreen, Traktionskontrolle, Tuner/Radio, USB, Verkehrszeichenerkennung, Volldigitales Kombiinstrument, Winterreifen, Zentralverriegelung
</p>",Mazda,,"Marke_Mazda, Typ_Kombi, Alter_maximal 2 Jahre,Alter_maximal 5 Jahre,Alter_Alle, Kilometerstand_maximal 20.000 km,Kilometerstand_maximal 50.000 km,Kilometerstand_maximal 80.000 km,Kilometerstand_maximal 100.000 km, Leistung_150 bis 200 PS,Leistung_Alle, Schaltung_Automatik, Farbe_Grau, Kraftstoff_Benzin, Zustand_Gebraucht, Preis_Premium (ab 400 €)",WAHR,Deine Abo Dauer,3 Monate,Dein monatliches Kilometerpaket,500 km,,,ADA,0,,0,deny,manual,752,,FALSCH,WAHR,,https://i.ebayimg.com/00/s/NDI3WDY0MA==/z/4BsAAOSwzhleTtBl/$_27.JPG,1,https://i.ebayimg.com/00/s/NDI3WDY0MA==/z/j0kAAOSwc6JeTtBi/$_27.JPG,2,https://i.ebayimg.com/00/s/NDI3WDY0MA==/z/RFoAAOSwIM5eTtBi/$_27.JPG,3,https://i.ebayimg.com/00/s/NDI3WDY0MA==/z/deYAAOSwT9NeTtBi/$_27.JPG,4,https://i.ebayimg.com/00/s/NDI3WDY0MA==/z/ZrkAAOSwBXleTtBi/$_27.JPG,5,https://i.ebayimg.com/00/s/NDI3WDY0MA==/z/L9AAAOSws-xeTtBi/$_27.JPG,6,https://i.ebayimg.com/00/s/NDI3WDY0MA==/z/KA0AAOSwryheTtBi/$_27.JPG,7,https://i.ebayimg.com/00/s/NDI3WDY0MA==/z/pcYAAOSwTO9eTtBi/$_27.JPG,8,https://i.ebayimg.com/00/s/NDI3WDY0MA==/z/FR8AAOSwFOleTtBj/$_27.JPG,9,https://i.ebayimg.com/00/s/NDI3WDY0MA==/z/CJAAAOSwHU9eTtBi/$_27.JPG,10,https://i.ebayimg.com/00/s/NDI3WDY0MA==/z/ehYAAOSwhZheTtBi/$_27.JPG,11,https://i.ebayimg.com/00/s/NDI3WDY0MA==/z/EhwAAOSw9lteTtBi/$_27.JPG,12,https://i.ebayimg.com/00/s/NDI3WDY0MA==/z/GkkAAOSwfOBeTtBi/$_27.JPG,13,https://i.ebayimg.com/00/s/NDI3WDY0MA==/z/a9cAAOSwIW9eTtBi/$_27.JPG,14,https://i.ebayimg.com/00/s/NDI3WDY0MA==/z/MJ8AAOSwFwNeTtBi/$_27.JPG,15,https://i.ebayimg.com/00/s/NDI3WDY0MA==/z/4BsAAOSwzhleTtBl/$_27.JPG,16,,,,,,,,,,,nil
,,,28387,Mazda-6-K-SKY-G-165PS-AT-EXCLUSIVE-NAV-ACC-SHZ-ACAA,,,,,,,,3 Monate,,1000 km,,,ADA,0,,0,deny,manual,806,,FALSCH,WAHR
,,,28239,Mazda-6-K-SKY-G-165PS-AT-EXCLUSIVE-NAV-ACC-SHZ-ACAA,,,,,,,,3 Monate,,1500 km,,,ADA,0,,0,deny,manual,861,,FALSCH,WAHR
,,,28091,Mazda-6-K-SKY-G-165PS-AT-EXCLUSIVE-NAV-ACC-SHZ-ACAA,,,,,,,,3 Monate,,2000 km,,,ADA,0,,0,deny,manual,915,,FALSCH,WAHR
,,,27943,Mazda-6-K-SKY-G-165PS-AT-EXCLUSIVE-NAV-ACC-SHZ-ACAA,,,,,,,,3 Monate,,2500 km,,,ADA,0,,0,deny,manual,970,,FALSCH,WAHR
,,,28216,Mazda-6-K-SKY-G-165PS-AT-EXCLUSIVE-NAV-ACC-SHZ-ACAA,,,,,,,,4 Monate,,500 km,,,ADA,0,,0,deny,manual,732,,FALSCH,WAHR
,,,28019,Mazda-6-K-SKY-G-165PS-AT-EXCLUSIVE-NAV-ACC-SHZ-ACAA,,,,,,,,4 Monate,,1000 km,,,ADA,0,,0,deny,manual,787,,FALSCH,WAHR
,,,27822,Mazda-6-K-SKY-G-165PS-AT-EXCLUSIVE-NAV-ACC-SHZ-ACAA,,,,,,,,4 Monate,,1500 km,,,ADA,0,,0,deny,manual,841,,FALSCH,WAHR
,,,27625,Mazda-6-K-SKY-G-165PS-AT-EXCLUSIVE-NAV-ACC-SHZ-ACAA,,,,,,,,4 Monate,,2000 km,,,ADA,0,,0,deny,manual,895,,FALSCH,WAHR
,,,27427,Mazda-6-K-SKY-G-165PS-AT-EXCLUSIVE-NAV-ACC-SHZ-ACAA,,,,,,,,4 Monate,,2500 km,,,ADA,0,,0,deny,manual,950,,FALSCH,WAHR
,,,27898,Mazda-6-K-SKY-G-165PS-AT-EXCLUSIVE-NAV-ACC-SHZ-ACAA,,,,,,,,5 Monate,,500 km,,,ADA,0,,0,deny,manual,720,,FALSCH,WAHR
,,,27651,Mazda-6-K-SKY-G-165PS-AT-EXCLUSIVE-NAV-ACC-SHZ-ACAA,,,,,,,,5 Monate,,1000 km,,,ADA,0,,0,deny,manual,775,,FALSCH,WAHR
,,,27405,Mazda-6-K-SKY-G-165PS-AT-EXCLUSIVE-NAV-ACC-SHZ-ACAA,,,,,,,,5 Monate,,1500 km,,,ADA,0,,0,deny,manual,829,,FALSCH,WAHR
,,,27158,Mazda-6-K-SKY-G-165PS-AT-EXCLUSIVE-NAV-ACC-SHZ-ACAA,,,,,,,,5 Monate,,2000 km,,,ADA,0,,0,deny,manual,884,,FALSCH,WAHR
,,,26912,Mazda-6-K-SKY-G-165PS-AT-EXCLUSIVE-NAV-ACC-SHZ-ACAA,,,,,,,,5 Monate,,2500 km,,,ADA,0,,0,deny,manual,938,,FALSCH,WAHR
,,,27580,Mazda-6-K-SKY-G-165PS-AT-EXCLUSIVE-NAV-ACC-SHZ-ACAA,,,,,,,,6 Monate,,500 km,,,ADA,0,,0,deny,manual,712,,FALSCH,WAHR
,,,27284,Mazda-6-K-SKY-G-165PS-AT-EXCLUSIVE-NAV-ACC-SHZ-ACAA,,,,,,,,6 Monate,,1000 km,,,ADA,0,,0,deny,manual,767,,FALSCH,WAHR
,,,26988,Mazda-6-K-SKY-G-165PS-AT-EXCLUSIVE-NAV-ACC-SHZ-ACAA,,,,,,,,6 Monate,,1500 km,,,ADA,0,,0,deny,manual,821,,FALSCH,WAHR
,,,26692,Mazda-6-K-SKY-G-165PS-AT-EXCLUSIVE-NAV-ACC-SHZ-ACAA,,,,,,,,6 Monate,,2000 km,,,ADA,0,,0,deny,manual,876,,FALSCH,WAHR
,,,26396,Mazda-6-K-SKY-G-165PS-AT-EXCLUSIVE-NAV-ACC-SHZ-ACAA,,,,,,,,6 Monate,,2500 km,,,ADA,0,,0,deny,manual,948,,FALSCH,WAHR
,,,27261,Mazda-6-K-SKY-G-165PS-AT-EXCLUSIVE-NAV-ACC-SHZ-ACAA,,,,,,,,7 Monate,,500 km,,,ADA,0,,0,deny,manual,722,,FALSCH,WAHR
,,,26916,Mazda-6-K-SKY-G-165PS-AT-EXCLUSIVE-NAV-ACC-SHZ-ACAA,,,,,,,,7 Monate,,1000 km,,,ADA,0,,0,deny,manual,777,,FALSCH,WAHR
,,,26571,Mazda-6-K-SKY-G-165PS-AT-EXCLUSIVE-NAV-ACC-SHZ-ACAA,,,,,,,,7 Monate,,1500 km,,,ADA,0,,0,deny,manual,831,,FALSCH,WAHR
,,,26226,Mazda-6-K-SKY-G-165PS-AT-EXCLUSIVE-NAV-ACC-SHZ-ACAA,,,,,,,,7 Monate,,2000 km,,,ADA,0,,0,deny,manual,886,,FALSCH,WAHR
,,,25880,Mazda-6-K-SKY-G-165PS-AT-EXCLUSIVE-NAV-ACC-SHZ-ACAA,,,,,,,,7 Monate,,2500 km,,,ADA,0,,0,deny,manual,940,,FALSCH,WAHR
,,,26943,Mazda-6-K-SKY-G-165PS-AT-EXCLUSIVE-NAV-ACC-SHZ-ACAA,,,,,,,,8 Monate,,500 km,,,ADA,0,,0,deny,manual,716,,FALSCH,WAHR
,,,26548,Mazda-6-K-SKY-G-165PS-AT-EXCLUSIVE-NAV-ACC-SHZ-ACAA,,,,,,,,8 Monate,,1000 km,,,ADA,0,,0,deny,manual,771,,FALSCH,WAHR
,,,26154,Mazda-6-K-SKY-G-165PS-AT-EXCLUSIVE-NAV-ACC-SHZ-ACAA,,,,,,,,8 Monate,,1500 km,,,ADA,0,,0,deny,manual,825,,FALSCH,WAHR
,,,25759,Mazda-6-K-SKY-G-165PS-AT-EXCLUSIVE-NAV-ACC-SHZ-ACAA,,,,,,,,8 Monate,,2000 km,,,ADA,0,,0,deny,manual,879,,FALSCH,WAHR
,,,25365,Mazda-6-K-SKY-G-165PS-AT-EXCLUSIVE-NAV-ACC-SHZ-ACAA,,,,,,,,8 Monate,,2500 km,,,ADA,0,,0,deny,manual,934,,FALSCH,WAHR
,,,26624,Mazda-6-K-SKY-G-165PS-AT-EXCLUSIVE-NAV-ACC-SHZ-ACAA,,,,,,,,9 Monate,,500 km,,,ADA,0,,0,deny,manual,711,,FALSCH,WAHR
,,,26181,Mazda-6-K-SKY-G-165PS-AT-EXCLUSIVE-NAV-ACC-SHZ-ACAA,,,,,,,,9 Monate,,1000 km,,,ADA,0,,0,deny,manual,766,,FALSCH,WAHR
,,,25737,Mazda-6-K-SKY-G-165PS-AT-EXCLUSIVE-NAV-ACC-SHZ-ACAA,,,,,,,,9 Monate,,1500 km,,,ADA,0,,0,deny,manual,820,,FALSCH,WAHR
,,,25293,Mazda-6-K-SKY-G-165PS-AT-EXCLUSIVE-NAV-ACC-SHZ-ACAA,,,,,,,,9 Monate,,2000 km,,,ADA,0,,0,deny,manual,875,,FALSCH,WAHR
,,,24849,Mazda-6-K-SKY-G-165PS-AT-EXCLUSIVE-NAV-ACC-SHZ-ACAA,,,,,,,,9 Monate,,2500 km,,,ADA,0,,0,deny,manual,929,,FALSCH,WAHR
,,,26306,Mazda-6-K-SKY-G-165PS-AT-EXCLUSIVE-NAV-ACC-SHZ-ACAA,,,,,,,,10 Monate,,500 km,,,ADA,0,,0,deny,manual,707,,FALSCH,WAHR
,,,25813,Mazda-6-K-SKY-G-165PS-AT-EXCLUSIVE-NAV-ACC-SHZ-ACAA,,,,,,,,10 Monate,,1000 km,,,ADA,0,,0,deny,manual,762,,FALSCH,WAHR
,,,25320,Mazda-6-K-SKY-G-165PS-AT-EXCLUSIVE-NAV-ACC-SHZ-ACAA,,,,,,,,10 Monate,,1500 km,,,ADA,0,,0,deny,manual,816,,FALSCH,WAHR
,,,24827,Mazda-6-K-SKY-G-165PS-AT-EXCLUSIVE-NAV-ACC-SHZ-ACAA,,,,,,,,10 Monate,,2000 km,,,ADA,0,,0,deny,manual,871,,FALSCH,WAHR
,,,24333,Mazda-6-K-SKY-G-165PS-AT-EXCLUSIVE-NAV-ACC-SHZ-ACAA,,,,,,,,10 Monate,,2500 km,,,ADA,0,,0,deny,manual,925,,FALSCH,WAHR
,,,25988,Mazda-6-K-SKY-G-165PS-AT-EXCLUSIVE-NAV-ACC-SHZ-ACAA,,,,,,,,11 Monate,,500 km,,,ADA,0,,0,deny,manual,704,,FALSCH,WAHR
,,,25445,Mazda-6-K-SKY-G-165PS-AT-EXCLUSIVE-NAV-ACC-SHZ-ACAA,,,,,,,,11 Monate,,1000 km,,,ADA,0,,0,deny,manual,759,,FALSCH,WAHR
,,,24903,Mazda-6-K-SKY-G-165PS-AT-EXCLUSIVE-NAV-ACC-SHZ-ACAA,,,,,,,,11 Monate,,1500 km,,,ADA,0,,0,deny,manual,813,,FALSCH,WAHR
,,,24360,Mazda-6-K-SKY-G-165PS-AT-EXCLUSIVE-NAV-ACC-SHZ-ACAA,,,,,,,,11 Monate,,2000 km,,,ADA,0,,0,deny,manual,868,,FALSCH,WAHR
,,,23818,Mazda-6-K-SKY-G-165PS-AT-EXCLUSIVE-NAV-ACC-SHZ-ACAA,,,,,,,,11 Monate,,2500 km,,,ADA,0,,0,deny,manual,922,,FALSCH,WAHR
,,,25669,Mazda-6-K-SKY-G-165PS-AT-EXCLUSIVE-NAV-ACC-SHZ-ACAA,,,,,,,,12 Monate,,500 km,,,ADA,0,,0,deny,manual,701,,FALSCH,WAHR
,,,25077,Mazda-6-K-SKY-G-165PS-AT-EXCLUSIVE-NAV-ACC-SHZ-ACAA,,,,,,,,12 Monate,,1000 km,,,ADA,0,,0,deny,manual,756,,FALSCH,WAHR
,,,24486,Mazda-6-K-SKY-G-165PS-AT-EXCLUSIVE-NAV-ACC-SHZ-ACAA,,,,,,,,12 Monate,,1500 km,,,ADA,0,,0,deny,manual,810,,FALSCH,WAHR
,,,23894,Mazda-6-K-SKY-G-165PS-AT-EXCLUSIVE-NAV-ACC-SHZ-ACAA,,,,,,,,12 Monate,,2000 km,,,ADA,0,,0,deny,manual,865,,FALSCH,WAHR
,,,23302,Mazda-6-K-SKY-G-165PS-AT-EXCLUSIVE-NAV-ACC-SHZ-ACAA,,,,,,,,12 Monate,,2500 km,,,ADA,0,,0,deny,manual,919,,FALSCH,WAHR
Autohaus Koch GmbH,"Marzahner Chaussee 219
12681 Berlin
Deutschland",29590,28535,Mazda-CX-30-2.0-M-HYB.AWD-6AG-SEL.A18-BOS-ACT-P-Allrad,Mazda CX-30 2.0 M HYB.AWD 6AG SEL.A18 BOS ACT-P Allrad,"<p>
<strong>Abholadresse</strong>
Marzahner Chaussee 219
12681 Berlin
Deutschland<br>
<strong>Fahrzeugzustand</strong>
Unfallfrei<br>
<strong>Kategorie</strong>
SUV / Geländewagen / Pickup, Vorführfahrzeug<br>
<strong>Herkunft</strong>
Deutsche Ausführung<br>
<strong>Kilometerstand</strong>
5.000 km<br>
<strong>Hubraum</strong>
1.998 cm³<br>
<strong>Leistung</strong>
90 kW (122 PS)<br>
<strong>Kraftstoffart</strong>
Benzin<br>
<strong>Verbrauch</strong><br>
6,0 l/100km (kombiniert)<br>*
7,3 l/100km (innerorts)<br>*
5,3 l/100km (außerorts)<br>*
<strong>CO2-Emission</strong>
136 g/km (kombiniert)*<br>
<strong>Anzahl der Türen</strong>
4/5<br>
<strong>Anzahl Sitzplätze</strong>
5<br>
<strong>Getriebe</strong>
Automatik<br>
<strong>Schadstoffklasse</strong>
Euro6d<br>
<strong>Umweltplakette</strong>
4 (Grün)<br>
<strong>Erstzulassung</strong>
06/2020<br>
<strong>Anzahl der Fahrzeughalter</strong>
1<br>
<strong>HU</strong>
Neu<br>
<strong>Klimatisierung</strong>
2-Zonen-Klimaautomatik<br>
<strong>Farbe (Hersteller)</strong>
Magmarot Metallic<br>
<strong>Farbe</strong>
Rot Metallic<br>
<strong>Innenausstattung</strong>
Stoff, Andere<br>
<strong>Weitere Eigenschaften</strong><br>
ABS, Abstandstempomat, Abstandswarner, Alarmanlage, Allradantrieb, Android Auto, Apple CarPlay, Armlehne, Beheizbares Lenkrad, Berganfahrassistent, Blendfreies Fernlicht, Bluetooth, Bordcomputer, Elektr. Fensterheber, Elektr. Heckklappe, Elektr. Seitenspiegel, Elektr. Wegfahrsperre, ESP, Fernlichtassistent, Freisprecheinrichtung, Garantie, Geschwindigkeitsbegrenzer, Head-Up Display, Innenspiegel autom. abblendend, Isofix, Lederlenkrad, LED-Scheinwerfer, LED-Tagfahrlicht, Leichtmetallfelgen, Lichtsensor, Müdigkeitswarner, Multifunktionslenkrad, Musikstreaming integriert, Navigationssystem, Nichtraucher-Fahrzeug, Notbremsassistent, Notrufsystem, Pannenkit, Radio DAB, Regensensor, Reifendruckkontrolle, Scheckheftgepflegt, Scheinwerferreinigung, Schlüssellose Zentralverriegelung, Servolenkung, Sitzheizung, Sommerreifen, Soundsystem, Sprachsteuerung, Spurhalteassistent, Start/Stopp-Automatik, Totwinkel-Assistent, Traktionskontrolle, Tuner/Radio, USB, Verkehrszeichenerkennung, Volldigitales Kombiinstrument, Zentralverriegelung
</p>",Mazda,,"Marke_Mazda, Typ_SUV, Alter_maximal 2 Jahre,Alter_maximal 5 Jahre,Alter_Alle, Kilometerstand_maximal 20.000 km,Kilometerstand_maximal 50.000 km,Kilometerstand_maximal 80.000 km,Kilometerstand_maximal 100.000 km, Leistung_100 bis 150 PS,Leistung_Alle, Schaltung_Automatik, Farbe_Rot, Kraftstoff_Benzin, Zustand_Gebraucht, Preis_Premium (ab 400 €)",WAHR,Deine Abo Dauer,3 Monate,Dein monatliches Kilometerpaket,500 km,,,ADA,0,,0,deny,manual,735,,FALSCH,WAHR,,https://i.ebayimg.com/00/s/NDI3WDY0MA==/z/PqoAAOSwP35fJFCk/$_27.JPG,1,https://i.ebayimg.com/00/s/NDI3WDY0MA==/z/YjoAAOSwGuJfJFCk/$_27.JPG,2,https://i.ebayimg.com/00/s/NDI3WDY0MA==/z/MrwAAOSwL1VfJFCk/$_27.JPG,3,https://i.ebayimg.com/00/s/NDI3WDY0MA==/z/RkQAAOSww9RfJFCk/$_27.JPG,4,https://i.ebayimg.com/00/s/NDI3WDY0MA==/z/BkoAAOSwlGxfJFCk/$_27.JPG,5,https://i.ebayimg.com/00/s/NDI3WDY0MA==/z/600AAOSwoQ9fJFCk/$_27.JPG,6,https://i.ebayimg.com/00/s/NDI3WDY0MA==/z/YvcAAOSwV0xfJFCk/$_27.JPG,7,https://i.ebayimg.com/00/s/NDI3WDY0MA==/z/qg4AAOSw1NxfJFCk/$_27.JPG,8,https://i.ebayimg.com/00/s/NDI3WDY0MA==/z/q8EAAOSwUu5fJFCk/$_27.JPG,9,https://i.ebayimg.com/00/s/NDI3WDY0MA==/z/qa8AAOSwXdVfJFCj/$_27.JPG,10,https://i.ebayimg.com/00/s/NDI3WDY0MA==/z/BOAAAOSwTFJfJFCk/$_27.JPG,11,https://i.ebayimg.com/00/s/NDI3WDY0MA==/z/qVEAAOSwzVxfJFCj/$_27.JPG,12,https://i.ebayimg.com/00/s/NDI3WDY0MA==/z/ovsAAOSwMYxfJFCk/$_27.JPG,13,https://i.ebayimg.com/00/s/NDI3WDY0MA==/z/6nEAAOSw1U1fJFCk/$_27.JPG,14,https://i.ebayimg.com/00/s/NDI3WDY0MA==/z/JpgAAOSwt4VfJFCk/$_27.JPG,15,https://i.ebayimg.com/00/s/NDI3WDY0MA==/z/PqoAAOSwP35fJFCk/$_27.JPG,16,,,,,,,,,,,nil
,,,28387,Mazda-CX-30-2.0-M-HYB.AWD-6AG-SEL.A18-BOS-ACT-P-Allrad,,,,,,,,3 Monate,,1000 km,,,ADA,0,,0,deny,manual,789,,FALSCH,WAHR
,,,28239,Mazda-CX-30-2.0-M-HYB.AWD-6AG-SEL.A18-BOS-ACT-P-Allrad,,,,,,,,3 Monate,,1500 km,,,ADA,0,,0,deny,manual,844,,FALSCH,WAHR
,,,28091,Mazda-CX-30-2.0-M-HYB.AWD-6AG-SEL.A18-BOS-ACT-P-Allrad,,,,,,,,3 Monate,,2000 km,,,ADA,0,,0,deny,manual,898,,FALSCH,WAHR
,,,27943,Mazda-CX-30-2.0-M-HYB.AWD-6AG-SEL.A18-BOS-ACT-P-Allrad,,,,,,,,3 Monate,,2500 km,,,ADA,0,,0,deny,manual,953,,FALSCH,WAHR
,,,28216,Mazda-CX-30-2.0-M-HYB.AWD-6AG-SEL.A18-BOS-ACT-P-Allrad,,,,,,,,4 Monate,,500 km,,,ADA,0,,0,deny,manual,715,,FALSCH,WAHR
,,,28019,Mazda-CX-30-2.0-M-HYB.AWD-6AG-SEL.A18-BOS-ACT-P-Allrad,,,,,,,,4 Monate,,1000 km,,,ADA,0,,0,deny,manual,769,,FALSCH,WAHR
,,,27822,Mazda-CX-30-2.0-M-HYB.AWD-6AG-SEL.A18-BOS-ACT-P-Allrad,,,,,,,,4 Monate,,1500 km,,,ADA,0,,0,deny,manual,824,,FALSCH,WAHR
,,,27625,Mazda-CX-30-2.0-M-HYB.AWD-6AG-SEL.A18-BOS-ACT-P-Allrad,,,,,,,,4 Monate,,2000 km,,,ADA,0,,0,deny,manual,878,,FALSCH,WAHR
,,,27427,Mazda-CX-30-2.0-M-HYB.AWD-6AG-SEL.A18-BOS-ACT-P-Allrad,,,,,,,,4 Monate,,2500 km,,,ADA,0,,0,deny,manual,933,,FALSCH,WAHR
,,,27898,Mazda-CX-30-2.0-M-HYB.AWD-6AG-SEL.A18-BOS-ACT-P-Allrad,,,,,,,,5 Monate,,500 km,,,ADA,0,,0,deny,manual,703,,FALSCH,WAHR
,,,27651,Mazda-CX-30-2.0-M-HYB.AWD-6AG-SEL.A18-BOS-ACT-P-Allrad,,,,,,,,5 Monate,,1000 km,,,ADA,0,,0,deny,manual,757,,FALSCH,WAHR
,,,27405,Mazda-CX-30-2.0-M-HYB.AWD-6AG-SEL.A18-BOS-ACT-P-Allrad,,,,,,,,5 Monate,,1500 km,,,ADA,0,,0,deny,manual,812,,FALSCH,WAHR
,,,27158,Mazda-CX-30-2.0-M-HYB.AWD-6AG-SEL.A18-BOS-ACT-P-Allrad,,,,,,,,5 Monate,,2000 km,,,ADA,0,,0,deny,manual,866,,FALSCH,WAHR
,,,26912,Mazda-CX-30-2.0-M-HYB.AWD-6AG-SEL.A18-BOS-ACT-P-Allrad,,,,,,,,5 Monate,,2500 km,,,ADA,0,,0,deny,manual,921,,FALSCH,WAHR
,,,27580,Mazda-CX-30-2.0-M-HYB.AWD-6AG-SEL.A18-BOS-ACT-P-Allrad,,,,,,,,6 Monate,,500 km,,,ADA,0,,0,deny,manual,695,,FALSCH,WAHR
,,,27284,Mazda-CX-30-2.0-M-HYB.AWD-6AG-SEL.A18-BOS-ACT-P-Allrad,,,,,,,,6 Monate,,1000 km,,,ADA,0,,0,deny,manual,749,,FALSCH,WAHR
,,,26988,Mazda-CX-30-2.0-M-HYB.AWD-6AG-SEL.A18-BOS-ACT-P-Allrad,,,,,,,,6 Monate,,1500 km,,,ADA,0,,0,deny,manual,804,,FALSCH,WAHR
,,,26692,Mazda-CX-30-2.0-M-HYB.AWD-6AG-SEL.A18-BOS-ACT-P-Allrad,,,,,,,,6 Monate,,2000 km,,,ADA,0,,0,deny,manual,858,,FALSCH,WAHR
,,,26396,Mazda-CX-30-2.0-M-HYB.AWD-6AG-SEL.A18-BOS-ACT-P-Allrad,,,,,,,,6 Monate,,2500 km,,,ADA,0,,0,deny,manual,931,,FALSCH,WAHR
,,,27261,Mazda-CX-30-2.0-M-HYB.AWD-6AG-SEL.A18-BOS-ACT-P-Allrad,,,,,,,,7 Monate,,500 km,,,ADA,0,,0,deny,manual,705,,FALSCH,WAHR
,,,26916,Mazda-CX-30-2.0-M-HYB.AWD-6AG-SEL.A18-BOS-ACT-P-Allrad,,,,,,,,7 Monate,,1000 km,,,ADA,0,,0,deny,manual,759,,FALSCH,WAHR
,,,26571,Mazda-CX-30-2.0-M-HYB.AWD-6AG-SEL.A18-BOS-ACT-P-Allrad,,,,,,,,7 Monate,,1500 km,,,ADA,0,,0,deny,manual,814,,FALSCH,WAHR
,,,26226,Mazda-CX-30-2.0-M-HYB.AWD-6AG-SEL.A18-BOS-ACT-P-Allrad,,,,,,,,7 Monate,,2000 km,,,ADA,0,,0,deny,manual,868,,FALSCH,WAHR
,,,25880,Mazda-CX-30-2.0-M-HYB.AWD-6AG-SEL.A18-BOS-ACT-P-Allrad,,,,,,,,7 Monate,,2500 km,,,ADA,0,,0,deny,manual,923,,FALSCH,WAHR
,,,26943,Mazda-CX-30-2.0-M-HYB.AWD-6AG-SEL.A18-BOS-ACT-P-Allrad,,,,,,,,8 Monate,,500 km,,,ADA,0,,0,deny,manual,699,,FALSCH,WAHR
,,,26548,Mazda-CX-30-2.0-M-HYB.AWD-6AG-SEL.A18-BOS-ACT-P-Allrad,,,,,,,,8 Monate,,1000 km,,,ADA,0,,0,deny,manual,753,,FALSCH,WAHR
,,,26154,Mazda-CX-30-2.0-M-HYB.AWD-6AG-SEL.A18-BOS-ACT-P-Allrad,,,,,,,,8 Monate,,1500 km,,,ADA,0,,0,deny,manual,808,,FALSCH,WAHR
,,,25759,Mazda-CX-30-2.0-M-HYB.AWD-6AG-SEL.A18-BOS-ACT-P-Allrad,,,,,,,,8 Monate,,2000 km,,,ADA,0,,0,deny,manual,862,,FALSCH,WAHR
,,,25365,Mazda-CX-30-2.0-M-HYB.AWD-6AG-SEL.A18-BOS-ACT-P-Allrad,,,,,,,,8 Monate,,2500 km,,,ADA,0,,0,deny,manual,917,,FALSCH,WAHR
,,,26624,Mazda-CX-30-2.0-M-HYB.AWD-6AG-SEL.A18-BOS-ACT-P-Allrad,,,,,,,,9 Monate,,500 km,,,ADA,0,,0,deny,manual,694,,FALSCH,WAHR
,,,26181,Mazda-CX-30-2.0-M-HYB.AWD-6AG-SEL.A18-BOS-ACT-P-Allrad,,,,,,,,9 Monate,,1000 km,,,ADA,0,,0,deny,manual,748,,FALSCH,WAHR
,,,25737,Mazda-CX-30-2.0-M-HYB.AWD-6AG-SEL.A18-BOS-ACT-P-Allrad,,,,,,,,9 Monate,,1500 km,,,ADA,0,,0,deny,manual,803,,FALSCH,WAHR
,,,25293,Mazda-CX-30-2.0-M-HYB.AWD-6AG-SEL.A18-BOS-ACT-P-Allrad,,,,,,,,9 Monate,,2000 km,,,ADA,0,,0,deny,manual,857,,FALSCH,WAHR
,,,24849,Mazda-CX-30-2.0-M-HYB.AWD-6AG-SEL.A18-BOS-ACT-P-Allrad,,,,,,,,9 Monate,,2500 km,,,ADA,0,,0,deny,manual,912,,FALSCH,WAHR
,,,26306,Mazda-CX-30-2.0-M-HYB.AWD-6AG-SEL.A18-BOS-ACT-P-Allrad,,,,,,,,10 Monate,,500 km,,,ADA,0,,0,deny,manual,690,,FALSCH,WAHR
,,,25813,Mazda-CX-30-2.0-M-HYB.AWD-6AG-SEL.A18-BOS-ACT-P-Allrad,,,,,,,,10 Monate,,1000 km,,,ADA,0,,0,deny,manual,744,,FALSCH,WAHR
,,,25320,Mazda-CX-30-2.0-M-HYB.AWD-6AG-SEL.A18-BOS-ACT-P-Allrad,,,,,,,,10 Monate,,1500 km,,,ADA,0,,0,deny,manual,799,,FALSCH,WAHR
,,,24827,Mazda-CX-30-2.0-M-HYB.AWD-6AG-SEL.A18-BOS-ACT-P-Allrad,,,,,,,,10 Monate,,2000 km,,,ADA,0,,0,deny,manual,853,,FALSCH,WAHR
,,,24333,Mazda-CX-30-2.0-M-HYB.AWD-6AG-SEL.A18-BOS-ACT-P-Allrad,,,,,,,,10 Monate,,2500 km,,,ADA,0,,0,deny,manual,908,,FALSCH,WAHR
,,,25988,Mazda-CX-30-2.0-M-HYB.AWD-6AG-SEL.A18-BOS-ACT-P-Allrad,,,,,,,,11 Monate,,500 km,,,ADA,0,,0,deny,manual,687,,FALSCH,WAHR
,,,25445,Mazda-CX-30-2.0-M-HYB.AWD-6AG-SEL.A18-BOS-ACT-P-Allrad,,,,,,,,11 Monate,,1000 km,,,ADA,0,,0,deny,manual,741,,FALSCH,WAHR
,,,24903,Mazda-CX-30-2.0-M-HYB.AWD-6AG-SEL.A18-BOS-ACT-P-Allrad,,,,,,,,11 Monate,,1500 km,,,ADA,0,,0,deny,manual,796,,FALSCH,WAHR
,,,24360,Mazda-CX-30-2.0-M-HYB.AWD-6AG-SEL.A18-BOS-ACT-P-Allrad,,,,,,,,11 Monate,,2000 km,,,ADA,0,,0,deny,manual,850,,FALSCH,WAHR
,,,23818,Mazda-CX-30-2.0-M-HYB.AWD-6AG-SEL.A18-BOS-ACT-P-Allrad,,,,,,,,11 Monate,,2500 km,,,ADA,0,,0,deny,manual,905,,FALSCH,WAHR
,,,25669,Mazda-CX-30-2.0-M-HYB.AWD-6AG-SEL.A18-BOS-ACT-P-Allrad,,,,,,,,12 Monate,,500 km,,,ADA,0,,0,deny,manual,684,,FALSCH,WAHR
,,,25077,Mazda-CX-30-2.0-M-HYB.AWD-6AG-SEL.A18-BOS-ACT-P-Allrad,,,,,,,,12 Monate,,1000 km,,,ADA,0,,0,deny,manual,739,,FALSCH,WAHR
,,,24486,Mazda-CX-30-2.0-M-HYB.AWD-6AG-SEL.A18-BOS-ACT-P-Allrad,,,,,,,,12 Monate,,1500 km,,,ADA,0,,0,deny,manual,793,,FALSCH,WAHR
,,,23894,Mazda-CX-30-2.0-M-HYB.AWD-6AG-SEL.A18-BOS-ACT-P-Allrad,,,,,,,,12 Monate,,2000 km,,,ADA,0,,0,deny,manual,848,,FALSCH,WAHR
,,,23302,Mazda-CX-30-2.0-M-HYB.AWD-6AG-SEL.A18-BOS-ACT-P-Allrad,,,,,,,,12 Monate,,2500 km,,,ADA,0,,0,deny,manual,902,,FALSCH,WAHR
Autohaus Koch GmbH,"Marzahner Chaussee 219
12681 Berlin
Deutschland",28990,27953,Mazda-CX-30-M-Hybrid-122PS-SELECTION-NAV-LED-SHZ-PDC,Mazda CX-30 M-Hybrid 122PS SELECTION NAV LED SHZ PDC,"<p>
<strong>Abholadresse</strong>
Marzahner Chaussee 219
12681 Berlin
Deutschland<br>
<strong>Fahrzeugzustand</strong>
Unfallfrei<br>
<strong>Kategorie</strong>
SUV / Geländewagen / Pickup, Vorführfahrzeug<br>
<strong>Herkunft</strong>
Deutsche Ausführung<br>
<strong>Kilometerstand</strong>
5.000 km<br>
<strong>Hubraum</strong>
1.998 cm³<br>
<strong>Leistung</strong>
90 kW (122 PS)<br>
<strong>Kraftstoffart</strong>
Benzin<br>
<strong>Verbrauch</strong><br>
5,1 l/100km (kombiniert)<br>*
6,2 l/100km (innerorts)<br>*
4,5 l/100km (außerorts)<br>*
<strong>CO2-Emission</strong>
153 g/km (kombiniert)*<br>
<strong>Anzahl der Türen</strong>
4/5<br>
<strong>Anzahl Sitzplätze</strong>
5<br>
<strong>Getriebe</strong>
Schaltgetriebe<br>
<strong>Schadstoffklasse</strong>
Euro6d<br>
<strong>Umweltplakette</strong>
4 (Grün)<br>
<strong>Erstzulassung</strong>
02/2020<br>
<strong>Anzahl der Fahrzeughalter</strong>
<br>
<strong>HU</strong>
Neu<br>
<strong>Klimatisierung</strong>
2-Zonen-Klimaautomatik<br>
<strong>Farbe (Hersteller)</strong>
Sonic Silver<br>
<strong>Farbe</strong>
Silber Metallic<br>
<strong>Innenausstattung</strong>
Stoff, Andere<br>
<strong>Weitere Eigenschaften</strong><br>
ABS, Abstandstempomat, Abstandswarner, Alarmanlage, Android Auto, Apple CarPlay, Armlehne, Beheizbares Lenkrad, Berganfahrassistent, Bluetooth, Bordcomputer, Elektr. Fensterheber, Elektr. Heckklappe, Elektr. Seitenspiegel, Elektr. Wegfahrsperre, ESP, Fernlichtassistent, Freisprecheinrichtung, Garantie, Geschwindigkeitsbegrenzer, Head-Up Display, Innenspiegel autom. abblendend, Isofix, Lederlenkrad, LED-Scheinwerfer, Leichtmetallfelgen, Lichtsensor, Müdigkeitswarner, Multifunktionslenkrad, Musikstreaming integriert, Navigationssystem, Nichtraucher-Fahrzeug, Notbremsassistent, Notrufsystem, Pannenkit, Radio DAB, Regensensor, Reifendruckkontrolle, Scheinwerferreinigung, Schlüssellose Zentralverriegelung, Servolenkung, Sitzheizung, Sprachsteuerung, Spurhalteassistent, Start/Stopp-Automatik, Totwinkel-Assistent, Traktionskontrolle, Tuner/Radio, USB, Verkehrszeichenerkennung, Volldigitales Kombiinstrument, Winterreifen, Zentralverriegelung
</p>",Mazda,,"Marke_Mazda, Typ_SUV, Alter_maximal 2 Jahre,Alter_maximal 5 Jahre,Alter_Alle, Kilometerstand_maximal 20.000 km,Kilometerstand_maximal 50.000 km,Kilometerstand_maximal 80.000 km,Kilometerstand_maximal 100.000 km, Leistung_100 bis 150 PS,Leistung_Alle, Schaltung_Schaltgetriebe, Farbe_Silber, Kraftstoff_Benzin, Zustand_Gebraucht, Preis_Premium (ab 400 €)",WAHR,Deine Abo Dauer,3 Monate,Dein monatliches Kilometerpaket,500 km,,,ADA,0,,0,deny,manual,729,,FALSCH,WAHR,,https://i.ebayimg.com/00/s/NDI3WDY0MA==/z/DfkAAOSwZdtelfLC/$_27.JPG,1,https://i.ebayimg.com/00/s/NDI3WDY0MA==/z/d6QAAOSwqohelfLC/$_27.JPG,2,https://i.ebayimg.com/00/s/NDI3WDY0MA==/z/1m8AAOSwLatelfLC/$_27.JPG,3,https://i.ebayimg.com/00/s/NDI3WDY0MA==/z/HOgAAOSwUAVelfLC/$_27.JPG,4,https://i.ebayimg.com/00/s/NDI3WDY0MA==/z/HsoAAOSw0i9elfLC/$_27.JPG,5,https://i.ebayimg.com/00/s/NDI3WDY0MA==/z/Ch8AAOSwPp9elfLC/$_27.JPG,6,https://i.ebayimg.com/00/s/NDI3WDY0MA==/z/vyAAAOSwC7NelfLC/$_27.JPG,7,https://i.ebayimg.com/00/s/NDI3WDY0MA==/z/GnYAAOSwEIBelfLC/$_27.JPG,8,https://i.ebayimg.com/00/s/NDI3WDY0MA==/z/JCYAAOSwS8BelfLC/$_27.JPG,9,https://i.ebayimg.com/00/s/NDI3WDY0MA==/z/8j0AAOSwtLtelfLC/$_27.JPG,10,https://i.ebayimg.com/00/s/NDI3WDY0MA==/z/f1AAAOSwY5pelfLC/$_27.JPG,11,https://i.ebayimg.com/00/s/NDI3WDY0MA==/z/TnYAAOSw5BVelfLC/$_27.JPG,12,https://i.ebayimg.com/00/s/NDI3WDY0MA==/z/k~YAAOSwQrJelfLC/$_27.JPG,13,https://i.ebayimg.com/00/s/NDI3WDY0MA==/z/BUsAAOSw6VVelfLC/$_27.JPG,14,https://i.ebayimg.com/00/s/NDI3WDY0MA==/z/bMEAAOSwDdxelfLC/$_27.JPG,15,https://i.ebayimg.com/00/s/NDI3WDY0MA==/z/DfkAAOSwZdtelfLC/$_27.JPG,16,,,,,,,,,,,nil
,,,27808,Mazda-CX-30-M-Hybrid-122PS-SELECTION-NAV-LED-SHZ-PDC,,,,,,,,3 Monate,,1000 km,,,ADA,0,,0,deny,manual,782,,FALSCH,WAHR
,,,27663,Mazda-CX-30-M-Hybrid-122PS-SELECTION-NAV-LED-SHZ-PDC,,,,,,,,3 Monate,,1500 km,,,ADA,0,,0,deny,manual,835,,FALSCH,WAHR
,,,27518,Mazda-CX-30-M-Hybrid-122PS-SELECTION-NAV-LED-SHZ-PDC,,,,,,,,3 Monate,,2000 km,,,ADA,0,,0,deny,manual,889,,FALSCH,WAHR
,,,27373,Mazda-CX-30-M-Hybrid-122PS-SELECTION-NAV-LED-SHZ-PDC,,,,,,,,3 Monate,,2500 km,,,ADA,0,,0,deny,manual,942,,FALSCH,WAHR
,,,27640,Mazda-CX-30-M-Hybrid-122PS-SELECTION-NAV-LED-SHZ-PDC,,,,,,,,4 Monate,,500 km,,,ADA,0,,0,deny,manual,709,,FALSCH,WAHR
,,,27447,Mazda-CX-30-M-Hybrid-122PS-SELECTION-NAV-LED-SHZ-PDC,,,,,,,,4 Monate,,1000 km,,,ADA,0,,0,deny,manual,762,,FALSCH,WAHR
,,,27254,Mazda-CX-30-M-Hybrid-122PS-SELECTION-NAV-LED-SHZ-PDC,,,,,,,,4 Monate,,1500 km,,,ADA,0,,0,deny,manual,815,,FALSCH,WAHR
,,,27061,Mazda-CX-30-M-Hybrid-122PS-SELECTION-NAV-LED-SHZ-PDC,,,,,,,,4 Monate,,2000 km,,,ADA,0,,0,deny,manual,869,,FALSCH,WAHR
,,,26867,Mazda-CX-30-M-Hybrid-122PS-SELECTION-NAV-LED-SHZ-PDC,,,,,,,,4 Monate,,2500 km,,,ADA,0,,0,deny,manual,922,,FALSCH,WAHR
,,,27328,Mazda-CX-30-M-Hybrid-122PS-SELECTION-NAV-LED-SHZ-PDC,,,,,,,,5 Monate,,500 km,,,ADA,0,,0,deny,manual,697,,FALSCH,WAHR
,,,27086,Mazda-CX-30-M-Hybrid-122PS-SELECTION-NAV-LED-SHZ-PDC,,,,,,,,5 Monate,,1000 km,,,ADA,0,,0,deny,manual,750,,FALSCH,WAHR
,,,26845,Mazda-CX-30-M-Hybrid-122PS-SELECTION-NAV-LED-SHZ-PDC,,,,,,,,5 Monate,,1500 km,,,ADA,0,,0,deny,manual,803,,FALSCH,WAHR
,,,26603,Mazda-CX-30-M-Hybrid-122PS-SELECTION-NAV-LED-SHZ-PDC,,,,,,,,5 Monate,,2000 km,,,ADA,0,,0,deny,manual,857,,FALSCH,WAHR
,,,26362,Mazda-CX-30-M-Hybrid-122PS-SELECTION-NAV-LED-SHZ-PDC,,,,,,,,5 Monate,,2500 km,,,ADA,0,,0,deny,manual,910,,FALSCH,WAHR
,,,27016,Mazda-CX-30-M-Hybrid-122PS-SELECTION-NAV-LED-SHZ-PDC,,,,,,,,6 Monate,,500 km,,,ADA,0,,0,deny,manual,689,,FALSCH,WAHR
,,,26726,Mazda-CX-30-M-Hybrid-122PS-SELECTION-NAV-LED-SHZ-PDC,,,,,,,,6 Monate,,1000 km,,,ADA,0,,0,deny,manual,742,,FALSCH,WAHR
,,,26436,Mazda-CX-30-M-Hybrid-122PS-SELECTION-NAV-LED-SHZ-PDC,,,,,,,,6 Monate,,1500 km,,,ADA,0,,0,deny,manual,795,,FALSCH,WAHR
,,,26146,Mazda-CX-30-M-Hybrid-122PS-SELECTION-NAV-LED-SHZ-PDC,,,,,,,,6 Monate,,2000 km,,,ADA,0,,0,deny,manual,849,,FALSCH,WAHR
,,,25856,Mazda-CX-30-M-Hybrid-122PS-SELECTION-NAV-LED-SHZ-PDC,,,,,,,,6 Monate,,2500 km,,,ADA,0,,0,deny,manual,921,,FALSCH,WAHR
,,,26703,Mazda-CX-30-M-Hybrid-122PS-SELECTION-NAV-LED-SHZ-PDC,,,,,,,,7 Monate,,500 km,,,ADA,0,,0,deny,manual,699,,FALSCH,WAHR
,,,26365,Mazda-CX-30-M-Hybrid-122PS-SELECTION-NAV-LED-SHZ-PDC,,,,,,,,7 Monate,,1000 km,,,ADA,0,,0,deny,manual,752,,FALSCH,WAHR
,,,26027,Mazda-CX-30-M-Hybrid-122PS-SELECTION-NAV-LED-SHZ-PDC,,,,,,,,7 Monate,,1500 km,,,ADA,0,,0,deny,manual,806,,FALSCH,WAHR
,,,25689,Mazda-CX-30-M-Hybrid-122PS-SELECTION-NAV-LED-SHZ-PDC,,,,,,,,7 Monate,,2000 km,,,ADA,0,,0,deny,manual,859,,FALSCH,WAHR
,,,25350,Mazda-CX-30-M-Hybrid-122PS-SELECTION-NAV-LED-SHZ-PDC,,,,,,,,7 Monate,,2500 km,,,ADA,0,,0,deny,manual,912,,FALSCH,WAHR
,,,26391,Mazda-CX-30-M-Hybrid-122PS-SELECTION-NAV-LED-SHZ-PDC,,,,,,,,8 Monate,,500 km,,,ADA,0,,0,deny,manual,693,,FALSCH,WAHR
,,,26004,Mazda-CX-30-M-Hybrid-122PS-SELECTION-NAV-LED-SHZ-PDC,,,,,,,,8 Monate,,1000 km,,,ADA,0,,0,deny,manual,746,,FALSCH,WAHR
,,,25618,Mazda-CX-30-M-Hybrid-122PS-SELECTION-NAV-LED-SHZ-PDC,,,,,,,,8 Monate,,1500 km,,,ADA,0,,0,deny,manual,799,,FALSCH,WAHR
,,,25231,Mazda-CX-30-M-Hybrid-122PS-SELECTION-NAV-LED-SHZ-PDC,,,,,,,,8 Monate,,2000 km,,,ADA,0,,0,deny,manual,853,,FALSCH,WAHR
,,,24845,Mazda-CX-30-M-Hybrid-122PS-SELECTION-NAV-LED-SHZ-PDC,,,,,,,,8 Monate,,2500 km,,,ADA,0,,0,deny,manual,906,,FALSCH,WAHR
,,,26078,Mazda-CX-30-M-Hybrid-122PS-SELECTION-NAV-LED-SHZ-PDC,,,,,,,,9 Monate,,500 km,,,ADA,0,,0,deny,manual,688,,FALSCH,WAHR
,,,25644,Mazda-CX-30-M-Hybrid-122PS-SELECTION-NAV-LED-SHZ-PDC,,,,,,,,9 Monate,,1000 km,,,ADA,0,,0,deny,manual,741,,FALSCH,WAHR
,,,25209,Mazda-CX-30-M-Hybrid-122PS-SELECTION-NAV-LED-SHZ-PDC,,,,,,,,9 Monate,,1500 km,,,ADA,0,,0,deny,manual,794,,FALSCH,WAHR
,,,24774,Mazda-CX-30-M-Hybrid-122PS-SELECTION-NAV-LED-SHZ-PDC,,,,,,,,9 Monate,,2000 km,,,ADA,0,,0,deny,manual,848,,FALSCH,WAHR
,,,24339,Mazda-CX-30-M-Hybrid-122PS-SELECTION-NAV-LED-SHZ-PDC,,,,,,,,9 Monate,,2500 km,,,ADA,0,,0,deny,manual,901,,FALSCH,WAHR
,,,25766,Mazda-CX-30-M-Hybrid-122PS-SELECTION-NAV-LED-SHZ-PDC,,,,,,,,10 Monate,,500 km,,,ADA,0,,0,deny,manual,684,,FALSCH,WAHR
,,,25283,Mazda-CX-30-M-Hybrid-122PS-SELECTION-NAV-LED-SHZ-PDC,,,,,,,,10 Monate,,1000 km,,,ADA,0,,0,deny,manual,737,,FALSCH,WAHR
,,,24800,Mazda-CX-30-M-Hybrid-122PS-SELECTION-NAV-LED-SHZ-PDC,,,,,,,,10 Monate,,1500 km,,,ADA,0,,0,deny,manual,791,,FALSCH,WAHR
,,,24317,Mazda-CX-30-M-Hybrid-122PS-SELECTION-NAV-LED-SHZ-PDC,,,,,,,,10 Monate,,2000 km,,,ADA,0,,0,deny,manual,844,,FALSCH,WAHR
,,,23833,Mazda-CX-30-M-Hybrid-122PS-SELECTION-NAV-LED-SHZ-PDC,,,,,,,,10 Monate,,2500 km,,,ADA,0,,0,deny,manual,897,,FALSCH,WAHR
,,,25454,Mazda-CX-30-M-Hybrid-122PS-SELECTION-NAV-LED-SHZ-PDC,,,,,,,,11 Monate,,500 km,,,ADA,0,,0,deny,manual,681,,FALSCH,WAHR
,,,24922,Mazda-CX-30-M-Hybrid-122PS-SELECTION-NAV-LED-SHZ-PDC,,,,,,,,11 Monate,,1000 km,,,ADA,0,,0,deny,manual,734,,FALSCH,WAHR
,,,24391,Mazda-CX-30-M-Hybrid-122PS-SELECTION-NAV-LED-SHZ-PDC,,,,,,,,11 Monate,,1500 km,,,ADA,0,,0,deny,manual,787,,FALSCH,WAHR
,,,23859,Mazda-CX-30-M-Hybrid-122PS-SELECTION-NAV-LED-SHZ-PDC,,,,,,,,11 Monate,,2000 km,,,ADA,0,,0,deny,manual,841,,FALSCH,WAHR
,,,23328,Mazda-CX-30-M-Hybrid-122PS-SELECTION-NAV-LED-SHZ-PDC,,,,,,,,11 Monate,,2500 km,,,ADA,0,,0,deny,manual,894,,FALSCH,WAHR
,,,25141,Mazda-CX-30-M-Hybrid-122PS-SELECTION-NAV-LED-SHZ-PDC,,,,,,,,12 Monate,,500 km,,,ADA,0,,0,deny,manual,678,,FALSCH,WAHR
,,,24561,Mazda-CX-30-M-Hybrid-122PS-SELECTION-NAV-LED-SHZ-PDC,,,,,,,,12 Monate,,1000 km,,,ADA,0,,0,deny,manual,731,,FALSCH,WAHR
,,,23982,Mazda-CX-30-M-Hybrid-122PS-SELECTION-NAV-LED-SHZ-PDC,,,,,,,,12 Monate,,1500 km,,,ADA,0,,0,deny,manual,785,,FALSCH,WAHR
,,,23402,Mazda-CX-30-M-Hybrid-122PS-SELECTION-NAV-LED-SHZ-PDC,,,,,,,,12 Monate,,2000 km,,,ADA,0,,0,deny,manual,838,,FALSCH,WAHR
,,,22822,Mazda-CX-30-M-Hybrid-122PS-SELECTION-NAV-LED-SHZ-PDC,,,,,,,,12 Monate,,2500 km,,,ADA,0,,0,deny,manual,891,,FALSCH,WAHR
Autohaus Koch GmbH,"Marzahner Chaussee 219
12681 Berlin
Deutschland",26990,26013,Mazda-CX-30-SKY-G-122PS-AT-LEDER-MatrixLED-360CAM-BOSE,Mazda CX-30 SKY-G 122PS AT LEDER MatrixLED 360CAM BOSE,"<p>
<strong>Abholadresse</strong>
Marzahner Chaussee 219
12681 Berlin
Deutschland<br>
<strong>Fahrzeugzustand</strong>
Unfallfrei<br>
<strong>Kategorie</strong>
SUV / Geländewagen / Pickup<br>
<strong>Herkunft</strong>
Deutsche Ausführung<br>
<strong>Kilometerstand</strong>
9.250 km<br>
<strong>Hubraum</strong>
1.998 cm³<br>
<strong>Leistung</strong>
90 kW (122 PS)<br>
<strong>Kraftstoffart</strong>
Benzin<br>
<strong>Verbrauch</strong><br>
ca. 5,5 l/100km (kombiniert)<br>
ca. 6,8 l/100km (innerorts)<br>
ca. 4,8 l/100km (außerorts)<br>
<strong>CO2-Emission</strong>
ca. 126 g/km (kombiniert)<br>
<strong>Anzahl der Türen</strong>
4/5<br>
<strong>Anzahl Sitzplätze</strong>
5<br>
<strong>Getriebe</strong>
Automatik<br>
<strong>Schadstoffklasse</strong>
Euro6d<br>
<strong>Umweltplakette</strong>
4 (Grün)<br>
<strong>Erstzulassung</strong>
12/2019<br>
<strong>Anzahl der Fahrzeughalter</strong>
1<br>
<strong>HU</strong>
Neu<br>
<strong>Klimatisierung</strong>
2-Zonen-Klimaautomatik<br>
<strong>Farbe (Hersteller)</strong>
Magmarot Metallic<br>
<strong>Farbe</strong>
Rot Metallic<br>
<strong>Innenausstattung</strong>
Vollleder, Schwarz<br>
<strong>Weitere Eigenschaften</strong><br>
ABS, Abstandstempomat, Alarmanlage, Android Auto, Apple CarPlay, Armlehne, Beheizbares Lenkrad, Berganfahrassistent, Blendfreies Fernlicht, Bluetooth, Bordcomputer, CD-Spieler, Elektr. Fensterheber, Elektr. Heckklappe, Elektr. Seitenspiegel, Elektr. Sitzeinstellung, Elektr. Wegfahrsperre, ESP, Fernlichtassistent, Freisprecheinrichtung, Garantie, Geschwindigkeitsbegrenzer, Head-Up Display, Innenspiegel autom. abblendend, Isofix, Lederlenkrad, LED-Scheinwerfer, Leichtmetallfelgen, Lichtsensor, Lordosenstütze, Müdigkeitswarner, Multifunktionslenkrad, Musikstreaming integriert, Navigationssystem, Nichtraucher-Fahrzeug, Notbremsassistent, Notrufsystem, Pannenkit, Radio DAB, Regensensor, Reifendruckkontrolle, Schaltwippen, Scheckheftgepflegt, Scheinwerferreinigung, Schlüssellose Zentralverriegelung, Servolenkung, Sitzheizung, Sommerreifen, Soundsystem, Sprachsteuerung, Spurhalteassistent, Start/Stopp-Automatik, Tagfahrlicht, Totwinkel-Assistent, Traktionskontrolle, Tuner/Radio, USB, Verkehrszeichenerkennung, Volldigitales Kombiinstrument, Winterpaket, Zentralverriegelung
</p>",Mazda,,"Marke_Mazda, Typ_SUV, Alter_maximal 2 Jahre,Alter_maximal 5 Jahre,Alter_Alle, Kilometerstand_maximal 20.000 km,Kilometerstand_maximal 50.000 km,Kilometerstand_maximal 80.000 km,Kilometerstand_maximal 100.000 km, Leistung_100 bis 150 PS,Leistung_Alle, Schaltung_Automatik, Farbe_Rot, Kraftstoff_Benzin, Zustand_Gebraucht, Preis_Premium (ab 400 €)",WAHR,Deine Abo Dauer,3 Monate,Dein monatliches Kilometerpaket,500 km,,,ADA,0,,0,deny,manual,690,,FALSCH,WAHR,,https://i.ebayimg.com/00/s/NDI3WDY0MA==/z/GhkAAOSw5CZfCKJV/$_27.JPG,1,https://i.ebayimg.com/00/s/NDI3WDY0MA==/z/WSEAAOSwuBBfCKJV/$_27.JPG,2,https://i.ebayimg.com/00/s/NDI3WDY0MA==/z/r-8AAOSwoU1fCKJV/$_27.JPG,3,https://i.ebayimg.com/00/s/NDI3WDY0MA==/z/iyMAAOSwd5lfCKJV/$_27.JPG,4,https://i.ebayimg.com/00/s/NDI3WDY0MA==/z/Wt0AAOSwtdhfCKJV/$_27.JPG,5,https://i.ebayimg.com/00/s/NDI3WDY0MA==/z/GwYAAOSwybRfCKJV/$_27.JPG,6,https://i.ebayimg.com/00/s/NDI3WDY0MA==/z/NGcAAOSwjGRfCKJV/$_27.JPG,7,https://i.ebayimg.com/00/s/NDI3WDY0MA==/z/yzgAAOSwIONfCKJV/$_27.JPG,8,https://i.ebayimg.com/00/s/NDI3WDY0MA==/z/lgEAAOSw00BfCKJV/$_27.JPG,9,https://i.ebayimg.com/00/s/NDI3WDY0MA==/z/s-wAAOSw-VtfCKJV/$_27.JPG,10,https://i.ebayimg.com/00/s/NDI3WDY0MA==/z/At0AAOSwn1tfCKJV/$_27.JPG,11,https://i.ebayimg.com/00/s/NDI3WDY0MA==/z/1YIAAOSwXsJfCKJV/$_27.JPG,12,https://i.ebayimg.com/00/s/NDI3WDY0MA==/z/1p4AAOSwwuNfCKJV/$_27.JPG,13,https://i.ebayimg.com/00/s/NDI3WDY0MA==/z/cZcAAOSw-bBfCKJV/$_27.JPG,14,https://i.ebayimg.com/00/s/NDI3WDY0MA==/z/rQ0AAOSwDxBfCKJV/$_27.JPG,15,https://i.ebayimg.com/00/s/NDI3WDY0MA==/z/GhkAAOSw5CZfCKJV/$_27.JPG,16,,,,,,,,,,,nil
,,,25878,Mazda-CX-30-SKY-G-122PS-AT-LEDER-MatrixLED-360CAM-BOSE,,,,,,,,3 Monate,,1000 km,,,ADA,0,,0,deny,manual,740,,FALSCH,WAHR
,,,25743,Mazda-CX-30-SKY-G-122PS-AT-LEDER-MatrixLED-360CAM-BOSE,,,,,,,,3 Monate,,1500 km,,,ADA,0,,0,deny,manual,789,,FALSCH,WAHR
,,,25608,Mazda-CX-30-SKY-G-122PS-AT-LEDER-MatrixLED-360CAM-BOSE,,,,,,,,3 Monate,,2000 km,,,ADA,0,,0,deny,manual,839,,FALSCH,WAHR
,,,25473,Mazda-CX-30-SKY-G-122PS-AT-LEDER-MatrixLED-360CAM-BOSE,,,,,,,,3 Monate,,2500 km,,,ADA,0,,0,deny,manual,889,,FALSCH,WAHR
,,,25720,Mazda-CX-30-SKY-G-122PS-AT-LEDER-MatrixLED-360CAM-BOSE,,,,,,,,4 Monate,,500 km,,,ADA,0,,0,deny,manual,670,,FALSCH,WAHR
,,,25540,Mazda-CX-30-SKY-G-122PS-AT-LEDER-MatrixLED-360CAM-BOSE,,,,,,,,4 Monate,,1000 km,,,ADA,0,,0,deny,manual,720,,FALSCH,WAHR
,,,25361,Mazda-CX-30-SKY-G-122PS-AT-LEDER-MatrixLED-360CAM-BOSE,,,,,,,,4 Monate,,1500 km,,,ADA,0,,0,deny,manual,769,,FALSCH,WAHR
,,,25181,Mazda-CX-30-SKY-G-122PS-AT-LEDER-MatrixLED-360CAM-BOSE,,,,,,,,4 Monate,,2000 km,,,ADA,0,,0,deny,manual,819,,FALSCH,WAHR
,,,25001,Mazda-CX-30-SKY-G-122PS-AT-LEDER-MatrixLED-360CAM-BOSE,,,,,,,,4 Monate,,2500 km,,,ADA,0,,0,deny,manual,869,,FALSCH,WAHR
,,,25428,Mazda-CX-30-SKY-G-122PS-AT-LEDER-MatrixLED-360CAM-BOSE,,,,,,,,5 Monate,,500 km,,,ADA,0,,0,deny,manual,658,,FALSCH,WAHR
,,,25203,Mazda-CX-30-SKY-G-122PS-AT-LEDER-MatrixLED-360CAM-BOSE,,,,,,,,5 Monate,,1000 km,,,ADA,0,,0,deny,manual,708,,FALSCH,WAHR
,,,24978,Mazda-CX-30-SKY-G-122PS-AT-LEDER-MatrixLED-360CAM-BOSE,,,,,,,,5 Monate,,1500 km,,,ADA,0,,0,deny,manual,758,,FALSCH,WAHR
,,,24753,Mazda-CX-30-SKY-G-122PS-AT-LEDER-MatrixLED-360CAM-BOSE,,,,,,,,5 Monate,,2000 km,,,ADA,0,,0,deny,manual,807,,FALSCH,WAHR
,,,24528,Mazda-CX-30-SKY-G-122PS-AT-LEDER-MatrixLED-360CAM-BOSE,,,,,,,,5 Monate,,2500 km,,,ADA,0,,0,deny,manual,857,,FALSCH,WAHR
,,,25136,Mazda-CX-30-SKY-G-122PS-AT-LEDER-MatrixLED-360CAM-BOSE,,,,,,,,6 Monate,,500 km,,,ADA,0,,0,deny,manual,650,,FALSCH,WAHR
,,,24866,Mazda-CX-30-SKY-G-122PS-AT-LEDER-MatrixLED-360CAM-BOSE,,,,,,,,6 Monate,,1000 km,,,ADA,0,,0,deny,manual,700,,FALSCH,WAHR
,,,24596,Mazda-CX-30-SKY-G-122PS-AT-LEDER-MatrixLED-360CAM-BOSE,,,,,,,,6 Monate,,1500 km,,,ADA,0,,0,deny,manual,750,,FALSCH,WAHR
,,,24326,Mazda-CX-30-SKY-G-122PS-AT-LEDER-MatrixLED-360CAM-BOSE,,,,,,,,6 Monate,,2000 km,,,ADA,0,,0,deny,manual,799,,FALSCH,WAHR
,,,24056,Mazda-CX-30-SKY-G-122PS-AT-LEDER-MatrixLED-360CAM-BOSE,,,,,,,,6 Monate,,2500 km,,,ADA,0,,0,deny,manual,867,,FALSCH,WAHR
,,,24843,Mazda-CX-30-SKY-G-122PS-AT-LEDER-MatrixLED-360CAM-BOSE,,,,,,,,7 Monate,,500 km,,,ADA,0,,0,deny,manual,660,,FALSCH,WAHR
,,,24528,Mazda-CX-30-SKY-G-122PS-AT-LEDER-MatrixLED-360CAM-BOSE,,,,,,,,7 Monate,,1000 km,,,ADA,0,,0,deny,manual,710,,FALSCH,WAHR
,,,24213,Mazda-CX-30-SKY-G-122PS-AT-LEDER-MatrixLED-360CAM-BOSE,,,,,,,,7 Monate,,1500 km,,,ADA,0,,0,deny,manual,760,,FALSCH,WAHR
,,,23899,Mazda-CX-30-SKY-G-122PS-AT-LEDER-MatrixLED-360CAM-BOSE,,,,,,,,7 Monate,,2000 km,,,ADA,0,,0,deny,manual,809,,FALSCH,WAHR
,,,23584,Mazda-CX-30-SKY-G-122PS-AT-LEDER-MatrixLED-360CAM-BOSE,,,,,,,,7 Monate,,2500 km,,,ADA,0,,0,deny,manual,859,,FALSCH,WAHR
,,,24551,Mazda-CX-30-SKY-G-122PS-AT-LEDER-MatrixLED-360CAM-BOSE,,,,,,,,8 Monate,,500 km,,,ADA,0,,0,deny,manual,654,,FALSCH,WAHR
,,,24191,Mazda-CX-30-SKY-G-122PS-AT-LEDER-MatrixLED-360CAM-BOSE,,,,,,,,8 Monate,,1000 km,,,ADA,0,,0,deny,manual,704,,FALSCH,WAHR
,,,23831,Mazda-CX-30-SKY-G-122PS-AT-LEDER-MatrixLED-360CAM-BOSE,,,,,,,,8 Monate,,1500 km,,,ADA,0,,0,deny,manual,753,,FALSCH,WAHR
,,,23471,Mazda-CX-30-SKY-G-122PS-AT-LEDER-MatrixLED-360CAM-BOSE,,,,,,,,8 Monate,,2000 km,,,ADA,0,,0,deny,manual,803,,FALSCH,WAHR
,,,23111,Mazda-CX-30-SKY-G-122PS-AT-LEDER-MatrixLED-360CAM-BOSE,,,,,,,,8 Monate,,2500 km,,,ADA,0,,0,deny,manual,853,,FALSCH,WAHR
,,,24258,Mazda-CX-30-SKY-G-122PS-AT-LEDER-MatrixLED-360CAM-BOSE,,,,,,,,9 Monate,,500 km,,,ADA,0,,0,deny,manual,649,,FALSCH,WAHR
,,,23854,Mazda-CX-30-SKY-G-122PS-AT-LEDER-MatrixLED-360CAM-BOSE,,,,,,,,9 Monate,,1000 km,,,ADA,0,,0,deny,manual,699,,FALSCH,WAHR
,,,23449,Mazda-CX-30-SKY-G-122PS-AT-LEDER-MatrixLED-360CAM-BOSE,,,,,,,,9 Monate,,1500 km,,,ADA,0,,0,deny,manual,749,,FALSCH,WAHR
,,,23044,Mazda-CX-30-SKY-G-122PS-AT-LEDER-MatrixLED-360CAM-BOSE,,,,,,,,9 Monate,,2000 km,,,ADA,0,,0,deny,manual,798,,FALSCH,WAHR
,,,22639,Mazda-CX-30-SKY-G-122PS-AT-LEDER-MatrixLED-360CAM-BOSE,,,,,,,,9 Monate,,2500 km,,,ADA,0,,0,deny,manual,848,,FALSCH,WAHR
,,,23966,Mazda-CX-30-SKY-G-122PS-AT-LEDER-MatrixLED-360CAM-BOSE,,,,,,,,10 Monate,,500 km,,,ADA,0,,0,deny,manual,645,,FALSCH,WAHR
,,,23516,Mazda-CX-30-SKY-G-122PS-AT-LEDER-MatrixLED-360CAM-BOSE,,,,,,,,10 Monate,,1000 km,,,ADA,0,,0,deny,manual,695,,FALSCH,WAHR
,,,23066,Mazda-CX-30-SKY-G-122PS-AT-LEDER-MatrixLED-360CAM-BOSE,,,,,,,,10 Monate,,1500 km,,,ADA,0,,0,deny,manual,745,,FALSCH,WAHR
,,,22617,Mazda-CX-30-SKY-G-122PS-AT-LEDER-MatrixLED-360CAM-BOSE,,,,,,,,10 Monate,,2000 km,,,ADA,0,,0,deny,manual,794,,FALSCH,WAHR
,,,22167,Mazda-CX-30-SKY-G-122PS-AT-LEDER-MatrixLED-360CAM-BOSE,,,,,,,,10 Monate,,2500 km,,,ADA,0,,0,deny,manual,844,,FALSCH,WAHR
,,,23674,Mazda-CX-30-SKY-G-122PS-AT-LEDER-MatrixLED-360CAM-BOSE,,,,,,,,11 Monate,,500 km,,,ADA,0,,0,deny,manual,642,,FALSCH,WAHR
,,,23179,Mazda-CX-30-SKY-G-122PS-AT-LEDER-MatrixLED-360CAM-BOSE,,,,,,,,11 Monate,,1000 km,,,ADA,0,,0,deny,manual,692,,FALSCH,WAHR
,,,22684,Mazda-CX-30-SKY-G-122PS-AT-LEDER-MatrixLED-360CAM-BOSE,,,,,,,,11 Monate,,1500 km,,,ADA,0,,0,deny,manual,741,,FALSCH,WAHR
,,,22189,Mazda-CX-30-SKY-G-122PS-AT-LEDER-MatrixLED-360CAM-BOSE,,,,,,,,11 Monate,,2000 km,,,ADA,0,,0,deny,manual,791,,FALSCH,WAHR
,,,21694,Mazda-CX-30-SKY-G-122PS-AT-LEDER-MatrixLED-360CAM-BOSE,,,,,,,,11 Monate,,2500 km,,,ADA,0,,0,deny,manual,841,,FALSCH,WAHR
,,,23381,Mazda-CX-30-SKY-G-122PS-AT-LEDER-MatrixLED-360CAM-BOSE,,,,,,,,12 Monate,,500 km,,,ADA,0,,0,deny,manual,639,,FALSCH,WAHR
,,,22841,Mazda-CX-30-SKY-G-122PS-AT-LEDER-MatrixLED-360CAM-BOSE,,,,,,,,12 Monate,,1000 km,,,ADA,0,,0,deny,manual,689,,FALSCH,WAHR
,,,22302,Mazda-CX-30-SKY-G-122PS-AT-LEDER-MatrixLED-360CAM-BOSE,,,,,,,,12 Monate,,1500 km,,,ADA,0,,0,deny,manual,739,,FALSCH,WAHR
,,,21762,Mazda-CX-30-SKY-G-122PS-AT-LEDER-MatrixLED-360CAM-BOSE,,,,,,,,12 Monate,,2000 km,,,ADA,0,,0,deny,manual,788,,FALSCH,WAHR
,,,21222,Mazda-CX-30-SKY-G-122PS-AT-LEDER-MatrixLED-360CAM-BOSE,,,,,,,,12 Monate,,2500 km,,,ADA,0,,0,deny,manual,838,,FALSCH,WAHR
Autohaus Koch GmbH,"Marzahner Chaussee 219
12681 Berlin
Deutschland",27590,26595,Mazda-CX-30-SKY-G-2.0-M-Hyb.6AG-SEL.-A18-DES-P-ACT-P,Mazda CX-30 SKY-G 2.0 M Hyb.6AG SEL. A18 DES-P ACT-P,"<p>
<strong>Abholadresse</strong>
Marzahner Chaussee 219
12681 Berlin
Deutschland<br>
<strong>Fahrzeugzustand</strong>
Unfallfrei<br>
<strong>Kategorie</strong>
SUV / Geländewagen / Pickup, Vorführfahrzeug<br>
<strong>Herkunft</strong>
Deutsche Ausführung<br>
<strong>Kilometerstand</strong>
5.000 km<br>
<strong>Hubraum</strong>
1.998 cm³<br>
<strong>Leistung</strong>
90 kW (122 PS)<br>
<strong>Kraftstoffart</strong>
Benzin<br>
<strong>Verbrauch</strong><br>
5,5 l/100km (kombiniert)<br>*
6,8 l/100km (innerorts)<br>*
4,8 l/100km (außerorts)<br>*
<strong>CO2-Emission</strong>
126 g/km (kombiniert)*<br>
<strong>Anzahl der Türen</strong>
4/5<br>
<strong>Anzahl Sitzplätze</strong>
5<br>
<strong>Getriebe</strong>
Automatik<br>
<strong>Schadstoffklasse</strong>
Euro6d<br>
<strong>Umweltplakette</strong>
4 (Grün)<br>
<strong>Erstzulassung</strong>
02/2020<br>
<strong>Anzahl der Fahrzeughalter</strong>
<br>
<strong>HU</strong>
Neu<br>
<strong>Klimatisierung</strong>
2-Zonen-Klimaautomatik<br>
<strong>Farbe (Hersteller)</strong>
Diamantsilber Metallic<br>
<strong>Farbe</strong>
Silber Metallic<br>
<strong>Innenausstattung</strong>
Stoff, Schwarz<br>
<strong>Weitere Eigenschaften</strong><br>
ABS, Abstandstempomat, Abstandswarner, Alarmanlage, Android Auto, Apple CarPlay, Armlehne, Beheizbares Lenkrad, Berganfahrassistent, Blendfreies Fernlicht, Bluetooth, Bordcomputer, Elektr. Fensterheber, Elektr. Heckklappe, Elektr. Seitenspiegel, Elektr. Wegfahrsperre, ESP, Fernlichtassistent, Freisprecheinrichtung, Garantie, Geschwindigkeitsbegrenzer, Head-Up Display, Innenspiegel autom. abblendend, Isofix, Lederlenkrad, LED-Scheinwerfer, LED-Tagfahrlicht, Leichtmetallfelgen, Lichtsensor, Müdigkeitswarner, Multifunktionslenkrad, Musikstreaming integriert, Navigationssystem, Nichtraucher-Fahrzeug, Notbremsassistent, Notrufsystem, Pannenkit, Radio DAB, Regensensor, Reifendruckkontrolle, Schaltwippen, Scheckheftgepflegt, Scheinwerferreinigung, Schlüssellose Zentralverriegelung, Servolenkung, Sitzheizung, Soundsystem, Sprachsteuerung, Spurhalteassistent, Start/Stopp-Automatik, Totwinkel-Assistent, Traktionskontrolle, Tuner/Radio, USB, Verkehrszeichenerkennung, Volldigitales Kombiinstrument, Winterreifen, Zentralverriegelung
</p>",Mazda,,"Marke_Mazda, Typ_SUV, Alter_maximal 2 Jahre,Alter_maximal 5 Jahre,Alter_Alle, Kilometerstand_maximal 20.000 km,Kilometerstand_maximal 50.000 km,Kilometerstand_maximal 80.000 km,Kilometerstand_maximal 100.000 km, Leistung_100 bis 150 PS,Leistung_Alle, Schaltung_Automatik, Farbe_Silber, Kraftstoff_Benzin, Zustand_Gebraucht, Preis_Premium (ab 400 €)",WAHR,Deine Abo Dauer,3 Monate,Dein monatliches Kilometerpaket,500 km,,,ADA,0,,0,deny,manual,700,,FALSCH,WAHR,,https://i.ebayimg.com/00/s/NDI3WDY0MA==/z/6PgAAOSw6qReREP8/$_27.JPG,1,https://i.ebayimg.com/00/s/NDI3WDY0MA==/z/gQoAAOSwDy1eREP8/$_27.JPG,2,https://i.ebayimg.com/00/s/NDI3WDY0MA==/z/EKkAAOSwCK1eREP8/$_27.JPG,3,https://i.ebayimg.com/00/s/NDI3WDY0MA==/z/9eIAAOSwNaBeREP8/$_27.JPG,4,https://i.ebayimg.com/00/s/NDI3WDY0MA==/z/CzkAAOSwhDJeREP8/$_27.JPG,5,https://i.ebayimg.com/00/s/NDI3WDY0MA==/z/owAAAOSwTJJeREP8/$_27.JPG,6,https://i.ebayimg.com/00/s/NDI3WDY0MA==/z/J08AAOSw5WReREP8/$_27.JPG,7,https://i.ebayimg.com/00/s/NDI3WDY0MA==/z/YzMAAOSw8OteREP8/$_27.JPG,8,https://i.ebayimg.com/00/s/NDI3WDY0MA==/z/3j0AAOSwPGBeREP7/$_27.JPG,9,https://i.ebayimg.com/00/s/NDI3WDY0MA==/z/LQkAAOSwqp5eREP8/$_27.JPG,10,https://i.ebayimg.com/00/s/NDI3WDY0MA==/z/v44AAOSwzEdeREP7/$_27.JPG,11,https://i.ebayimg.com/00/s/NDI3WDY0MA==/z/aUwAAOSwKAFeREP8/$_27.JPG,12,https://i.ebayimg.com/00/s/NDI3WDY0MA==/z/0IoAAOSwTzBeREP8/$_27.JPG,13,https://i.ebayimg.com/00/s/NDI3WDY0MA==/z/MewAAOSwDoNeREP8/$_27.JPG,14,https://i.ebayimg.com/00/s/NDI3WDY0MA==/z/hQwAAOSw5PleREP7/$_27.JPG,15,https://i.ebayimg.com/00/s/NDI3WDY0MA==/z/6PgAAOSw6qReREP8/$_27.JPG,16,,,,,,,,,,,nil
,,,26457,Mazda-CX-30-SKY-G-2.0-M-Hyb.6AG-SEL.-A18-DES-P-ACT-P,,,,,,,,3 Monate,,1000 km,,,ADA,0,,0,deny,manual,751,,FALSCH,WAHR
,,,26319,Mazda-CX-30-SKY-G-2.0-M-Hyb.6AG-SEL.-A18-DES-P-ACT-P,,,,,,,,3 Monate,,1500 km,,,ADA,0,,0,deny,manual,801,,FALSCH,WAHR
,,,26181,Mazda-CX-30-SKY-G-2.0-M-Hyb.6AG-SEL.-A18-DES-P-ACT-P,,,,,,,,3 Monate,,2000 km,,,ADA,0,,0,deny,manual,852,,FALSCH,WAHR
,,,26043,Mazda-CX-30-SKY-G-2.0-M-Hyb.6AG-SEL.-A18-DES-P-ACT-P,,,,,,,,3 Monate,,2500 km,,,ADA,0,,0,deny,manual,903,,FALSCH,WAHR
,,,26296,Mazda-CX-30-SKY-G-2.0-M-Hyb.6AG-SEL.-A18-DES-P-ACT-P,,,,,,,,4 Monate,,500 km,,,ADA,0,,0,deny,manual,680,,FALSCH,WAHR
,,,26112,Mazda-CX-30-SKY-G-2.0-M-Hyb.6AG-SEL.-A18-DES-P-ACT-P,,,,,,,,4 Monate,,1000 km,,,ADA,0,,0,deny,manual,731,,FALSCH,WAHR
,,,25929,Mazda-CX-30-SKY-G-2.0-M-Hyb.6AG-SEL.-A18-DES-P-ACT-P,,,,,,,,4 Monate,,1500 km,,,ADA,0,,0,deny,manual,781,,FALSCH,WAHR
,,,25745,Mazda-CX-30-SKY-G-2.0-M-Hyb.6AG-SEL.-A18-DES-P-ACT-P,,,,,,,,4 Monate,,2000 km,,,ADA,0,,0,deny,manual,832,,FALSCH,WAHR
,,,25561,Mazda-CX-30-SKY-G-2.0-M-Hyb.6AG-SEL.-A18-DES-P-ACT-P,,,,,,,,4 Monate,,2500 km,,,ADA,0,,0,deny,manual,883,,FALSCH,WAHR
,,,25998,Mazda-CX-30-SKY-G-2.0-M-Hyb.6AG-SEL.-A18-DES-P-ACT-P,,,,,,,,5 Monate,,500 km,,,ADA,0,,0,deny,manual,668,,FALSCH,WAHR
,,,25768,Mazda-CX-30-SKY-G-2.0-M-Hyb.6AG-SEL.-A18-DES-P-ACT-P,,,,,,,,5 Monate,,1000 km,,,ADA,0,,0,deny,manual,719,,FALSCH,WAHR
,,,25538,Mazda-CX-30-SKY-G-2.0-M-Hyb.6AG-SEL.-A18-DES-P-ACT-P,,,,,,,,5 Monate,,1500 km,,,ADA,0,,0,deny,manual,770,,FALSCH,WAHR
,,,25308,Mazda-CX-30-SKY-G-2.0-M-Hyb.6AG-SEL.-A18-DES-P-ACT-P,,,,,,,,5 Monate,,2000 km,,,ADA,0,,0,deny,manual,820,,FALSCH,WAHR
,,,25078,Mazda-CX-30-SKY-G-2.0-M-Hyb.6AG-SEL.-A18-DES-P-ACT-P,,,,,,,,5 Monate,,2500 km,,,ADA,0,,0,deny,manual,871,,FALSCH,WAHR
,,,25700,Mazda-CX-30-SKY-G-2.0-M-Hyb.6AG-SEL.-A18-DES-P-ACT-P,,,,,,,,6 Monate,,500 km,,,ADA,0,,0,deny,manual,660,,FALSCH,WAHR
,,,25424,Mazda-CX-30-SKY-G-2.0-M-Hyb.6AG-SEL.-A18-DES-P-ACT-P,,,,,,,,6 Monate,,1000 km,,,ADA,0,,0,deny,manual,711,,FALSCH,WAHR
,,,25148,Mazda-CX-30-SKY-G-2.0-M-Hyb.6AG-SEL.-A18-DES-P-ACT-P,,,,,,,,6 Monate,,1500 km,,,ADA,0,,0,deny,manual,762,,FALSCH,WAHR
,,,24872,Mazda-CX-30-SKY-G-2.0-M-Hyb.6AG-SEL.-A18-DES-P-ACT-P,,,,,,,,6 Monate,,2000 km,,,ADA,0,,0,deny,manual,812,,FALSCH,WAHR
,,,24596,Mazda-CX-30-SKY-G-2.0-M-Hyb.6AG-SEL.-A18-DES-P-ACT-P,,,,,,,,6 Monate,,2500 km,,,ADA,0,,0,deny,manual,882,,FALSCH,WAHR
,,,25401,Mazda-CX-30-SKY-G-2.0-M-Hyb.6AG-SEL.-A18-DES-P-ACT-P,,,,,,,,7 Monate,,500 km,,,ADA,0,,0,deny,manual,670,,FALSCH,WAHR
,,,25079,Mazda-CX-30-SKY-G-2.0-M-Hyb.6AG-SEL.-A18-DES-P-ACT-P,,,,,,,,7 Monate,,1000 km,,,ADA,0,,0,deny,manual,721,,FALSCH,WAHR
,,,24757,Mazda-CX-30-SKY-G-2.0-M-Hyb.6AG-SEL.-A18-DES-P-ACT-P,,,,,,,,7 Monate,,1500 km,,,ADA,0,,0,deny,manual,772,,FALSCH,WAHR
,,,24436,Mazda-CX-30-SKY-G-2.0-M-Hyb.6AG-SEL.-A18-DES-P-ACT-P,,,,,,,,7 Monate,,2000 km,,,ADA,0,,0,deny,manual,822,,FALSCH,WAHR
,,,24114,Mazda-CX-30-SKY-G-2.0-M-Hyb.6AG-SEL.-A18-DES-P-ACT-P,,,,,,,,7 Monate,,2500 km,,,ADA,0,,0,deny,manual,873,,FALSCH,WAHR
,,,25103,Mazda-CX-30-SKY-G-2.0-M-Hyb.6AG-SEL.-A18-DES-P-ACT-P,,,,,,,,8 Monate,,500 km,,,ADA,0,,0,deny,manual,664,,FALSCH,WAHR
,,,24735,Mazda-CX-30-SKY-G-2.0-M-Hyb.6AG-SEL.-A18-DES-P-ACT-P,,,,,,,,8 Monate,,1000 km,,,ADA,0,,0,deny,manual,715,,FALSCH,WAHR
,,,24367,Mazda-CX-30-SKY-G-2.0-M-Hyb.6AG-SEL.-A18-DES-P-ACT-P,,,,,,,,8 Monate,,1500 km,,,ADA,0,,0,deny,manual,765,,FALSCH,WAHR
,,,23999,Mazda-CX-30-SKY-G-2.0-M-Hyb.6AG-SEL.-A18-DES-P-ACT-P,,,,,,,,8 Monate,,2000 km,,,ADA,0,,0,deny,manual,816,,FALSCH,WAHR
,,,23631,Mazda-CX-30-SKY-G-2.0-M-Hyb.6AG-SEL.-A18-DES-P-ACT-P,,,,,,,,8 Monate,,2500 km,,,ADA,0,,0,deny,manual,867,,FALSCH,WAHR
,,,24804,Mazda-CX-30-SKY-G-2.0-M-Hyb.6AG-SEL.-A18-DES-P-ACT-P,,,,,,,,9 Monate,,500 km,,,ADA,0,,0,deny,manual,659,,FALSCH,WAHR
,,,24391,Mazda-CX-30-SKY-G-2.0-M-Hyb.6AG-SEL.-A18-DES-P-ACT-P,,,,,,,,9 Monate,,1000 km,,,ADA,0,,0,deny,manual,710,,FALSCH,WAHR
,,,23977,Mazda-CX-30-SKY-G-2.0-M-Hyb.6AG-SEL.-A18-DES-P-ACT-P,,,,,,,,9 Monate,,1500 km,,,ADA,0,,0,deny,manual,761,,FALSCH,WAHR
,,,23563,Mazda-CX-30-SKY-G-2.0-M-Hyb.6AG-SEL.-A18-DES-P-ACT-P,,,,,,,,9 Monate,,2000 km,,,ADA,0,,0,deny,manual,811,,FALSCH,WAHR
,,,23149,Mazda-CX-30-SKY-G-2.0-M-Hyb.6AG-SEL.-A18-DES-P-ACT-P,,,,,,,,9 Monate,,2500 km,,,ADA,0,,0,deny,manual,862,,FALSCH,WAHR
,,,24506,Mazda-CX-30-SKY-G-2.0-M-Hyb.6AG-SEL.-A18-DES-P-ACT-P,,,,,,,,10 Monate,,500 km,,,ADA,0,,0,deny,manual,655,,FALSCH,WAHR
,,,24046,Mazda-CX-30-SKY-G-2.0-M-Hyb.6AG-SEL.-A18-DES-P-ACT-P,,,,,,,,10 Monate,,1000 km,,,ADA,0,,0,deny,manual,706,,FALSCH,WAHR
,,,23586,Mazda-CX-30-SKY-G-2.0-M-Hyb.6AG-SEL.-A18-DES-P-ACT-P,,,,,,,,10 Monate,,1500 km,,,ADA,0,,0,deny,manual,757,,FALSCH,WAHR
,,,23127,Mazda-CX-30-SKY-G-2.0-M-Hyb.6AG-SEL.-A18-DES-P-ACT-P,,,,,,,,10 Monate,,2000 km,,,ADA,0,,0,deny,manual,807,,FALSCH,WAHR
,,,22667,Mazda-CX-30-SKY-G-2.0-M-Hyb.6AG-SEL.-A18-DES-P-ACT-P,,,,,,,,10 Monate,,2500 km,,,ADA,0,,0,deny,manual,858,,FALSCH,WAHR
,,,24208,Mazda-CX-30-SKY-G-2.0-M-Hyb.6AG-SEL.-A18-DES-P-ACT-P,,,,,,,,11 Monate,,500 km,,,ADA,0,,0,deny,manual,652,,FALSCH,WAHR
,,,23702,Mazda-CX-30-SKY-G-2.0-M-Hyb.6AG-SEL.-A18-DES-P-ACT-P,,,,,,,,11 Monate,,1000 km,,,ADA,0,,0,deny,manual,703,,FALSCH,WAHR
,,,23196,Mazda-CX-30-SKY-G-2.0-M-Hyb.6AG-SEL.-A18-DES-P-ACT-P,,,,,,,,11 Monate,,1500 km,,,ADA,0,,0,deny,manual,754,,FALSCH,WAHR
,,,22690,Mazda-CX-30-SKY-G-2.0-M-Hyb.6AG-SEL.-A18-DES-P-ACT-P,,,,,,,,11 Monate,,2000 km,,,ADA,0,,0,deny,manual,804,,FALSCH,WAHR
,,,22184,Mazda-CX-30-SKY-G-2.0-M-Hyb.6AG-SEL.-A18-DES-P-ACT-P,,,,,,,,11 Monate,,2500 km,,,ADA,0,,0,deny,manual,855,,FALSCH,WAHR
,,,23909,Mazda-CX-30-SKY-G-2.0-M-Hyb.6AG-SEL.-A18-DES-P-ACT-P,,,,,,,,12 Monate,,500 km,,,ADA,0,,0,deny,manual,649,,FALSCH,WAHR
,,,23357,Mazda-CX-30-SKY-G-2.0-M-Hyb.6AG-SEL.-A18-DES-P-ACT-P,,,,,,,,12 Monate,,1000 km,,,ADA,0,,0,deny,manual,700,,FALSCH,WAHR
,,,22806,Mazda-CX-30-SKY-G-2.0-M-Hyb.6AG-SEL.-A18-DES-P-ACT-P,,,,,,,,12 Monate,,1500 km,,,ADA,0,,0,deny,manual,751,,FALSCH,WAHR
,,,22254,Mazda-CX-30-SKY-G-2.0-M-Hyb.6AG-SEL.-A18-DES-P-ACT-P,,,,,,,,12 Monate,,2000 km,,,ADA,0,,0,deny,manual,802,,FALSCH,WAHR
,,,21702,Mazda-CX-30-SKY-G-2.0-M-Hyb.6AG-SEL.-A18-DES-P-ACT-P,,,,,,,,12 Monate,,2500 km,,,ADA,0,,0,deny,manual,852,,FALSCH,WAHR
Autohaus Koch GmbH,"Marzahner Chaussee 219
12681 Berlin
Deutschland",18490,17768,Mazda-CX-5-SKY-G-165PS-Exclusive-Navi-VollLED-PDC-SHZ,Mazda CX-5 SKY-G 165PS Exclusive Navi VollLED PDC SHZ,"<p>
<strong>Abholadresse</strong>
Marzahner Chaussee 219
12681 Berlin
Deutschland<br>
<strong>Fahrzeugzustand</strong>
Unfallfrei<br>
<strong>Kategorie</strong>
SUV / Geländewagen / Pickup<br>
<strong>Herkunft</strong>
Deutsche Ausführung<br>
<strong>Kilometerstand</strong>
49.200 km<br>
<strong>Hubraum</strong>
1.997 cm³<br>
<strong>Leistung</strong>
121 kW (165 PS)<br>
<strong>Kraftstoffart</strong>
Benzin<br>
<strong>Verbrauch</strong><br>
ca. 6,0 l/100km (kombiniert)<br>
ca. 7,5 l/100km (innerorts)<br>
ca. 5,1 l/100km (außerorts)<br>
<strong>CO2-Emission</strong>
ca. 142 g/km (kombiniert)<br>
<strong>Anzahl der Türen</strong>
4/5<br>
<strong>Anzahl Sitzplätze</strong>
5<br>
<strong>Getriebe</strong>
Schaltgetriebe<br>
<strong>Schadstoffklasse</strong>
Euro6<br>
<strong>Umweltplakette</strong>
4 (Grün)<br>
<strong>Erstzulassung</strong>
05/2016<br>
<strong>Anzahl der Fahrzeughalter</strong>
1<br>
<strong>HU</strong>
Neu<br>
<strong>Klimatisierung</strong>
2-Zonen-Klimaautomatik<br>
<strong>Farbe (Hersteller)</strong>
Onyxschwarz<br>
<strong>Farbe</strong>
Schwarz Metallic<br>
<strong>Innenausstattung</strong>
Stoff, Andere<br>
<strong>Weitere Eigenschaften</strong><br>
ABS, Allwetterreifen, Anhängerkupplung abnehmbar, Armlehne, Berganfahrassistent, Bluetooth, Bordcomputer, CD-Spieler, Elektr. Fensterheber, Elektr. Seitenspiegel, Elektr. Wegfahrsperre, ESP, Freisprecheinrichtung, Garantie, Geschwindigkeitsbegrenzer, Innenspiegel autom. abblendend, Isofix, Kurvenlicht, Lederlenkrad, LED-Scheinwerfer, LED-Tagfahrlicht, Leichtmetallfelgen, Lichtsensor, Lordosenstütze, Multifunktionslenkrad, Musikstreaming integriert, Navigationssystem, Nebelscheinwerfer, Nichtraucher-Fahrzeug, Notbremsassistent, Pannenkit, Radio DAB, Regensensor, Reifendruckkontrolle, Scheckheftgepflegt, Servolenkung, Sitzheizung, Sprachsteuerung, Start/Stopp-Automatik, Tempomat, Totwinkel-Assistent, Touchscreen, Traktionskontrolle, Tuner/Radio, USB, Zentralverriegelung
</p>",Mazda,,"Marke_Mazda, Typ_SUV, Alter_maximal 5 Jahre,Alter_Alle, Kilometerstand_maximal 50.000 km,Kilometerstand_maximal 80.000 km,Kilometerstand_maximal 100.000 km, Leistung_150 bis 200 PS,Leistung_Alle, Schaltung_Schaltgetriebe, Farbe_Schwarz, Kraftstoff_Benzin, Zustand_Gebraucht, Preis_Premium (ab 400 €)",WAHR,Deine Abo Dauer,3 Monate,Dein monatliches Kilometerpaket,500 km,,,ADA,0,,0,deny,manual,570,,FALSCH,WAHR,,https://i.ebayimg.com/00/s/NDI3WDY0MA==/z/Fv8AAOSwyG9fQAAX/$_27.JPG,1,https://i.ebayimg.com/00/s/NDI3WDY0MA==/z/yf8AAOSwVexfQAAX/$_27.JPG,2,https://i.ebayimg.com/00/s/NDI3WDY0MA==/z/pvEAAOSw1EtfQAAX/$_27.JPG,3,https://i.ebayimg.com/00/s/NDI3WDY0MA==/z/qaAAAOSwUlxfQAAX/$_27.JPG,4,https://i.ebayimg.com/00/s/NDI3WDY0MA==/z/TSwAAOSw4cdfQAAX/$_27.JPG,5,https://i.ebayimg.com/00/s/NDI3WDY0MA==/z/GSsAAOSwNC1fQAAY/$_27.JPG,6,https://i.ebayimg.com/00/s/NDI3WDY0MA==/z/5X8AAOSwAx1fQAAX/$_27.JPG,7,https://i.ebayimg.com/00/s/NDI3WDY0MA==/z/qh0AAOSwoElfQAAX/$_27.JPG,8,https://i.ebayimg.com/00/s/NDI3WDY0MA==/z/7ycAAOSwLc9fQAAX/$_27.JPG,9,https://i.ebayimg.com/00/s/NDI3WDY0MA==/z/ivcAAOSwAR1fQAAX/$_27.JPG,10,https://i.ebayimg.com/00/s/NDI3WDY0MA==/z/544AAOSwGUJfQAAX/$_27.JPG,11,https://i.ebayimg.com/00/s/NDI3WDY0MA==/z/-bQAAOSwOwJfQAAX/$_27.JPG,12,https://i.ebayimg.com/00/s/NDI3WDY0MA==/z/5YAAAOSwAx1fQAAX/$_27.JPG,13,https://i.ebayimg.com/00/s/NDI3WDY0MA==/z/QSUAAOSwmRlfQAAZ/$_27.JPG,14,https://i.ebayimg.com/00/s/NDI3WDY0MA==/z/qeMAAOSwBNRfQAAX/$_27.JPG,15,https://i.ebayimg.com/00/s/NDI3WDY0MA==/z/Fv8AAOSwyG9fQAAX/$_27.JPG,16,,,,,,,,,,,nil
,,,17675,Mazda-CX-5-SKY-G-165PS-Exclusive-Navi-VollLED-PDC-SHZ,,,,,,,,3 Monate,,1000 km,,,ADA,0,,0,deny,manual,604,,FALSCH,WAHR
,,,17583,Mazda-CX-5-SKY-G-165PS-Exclusive-Navi-VollLED-PDC-SHZ,,,,,,,,3 Monate,,1500 km,,,ADA,0,,0,deny,manual,638,,FALSCH,WAHR
,,,17490,Mazda-CX-5-SKY-G-165PS-Exclusive-Navi-VollLED-PDC-SHZ,,,,,,,,3 Monate,,2000 km,,,ADA,0,,0,deny,manual,672,,FALSCH,WAHR
,,,17398,Mazda-CX-5-SKY-G-165PS-Exclusive-Navi-VollLED-PDC-SHZ,,,,,,,,3 Monate,,2500 km,,,ADA,0,,0,deny,manual,706,,FALSCH,WAHR
,,,17560,Mazda-CX-5-SKY-G-165PS-Exclusive-Navi-VollLED-PDC-SHZ,,,,,,,,4 Monate,,500 km,,,ADA,0,,0,deny,manual,550,,FALSCH,WAHR
,,,17437,Mazda-CX-5-SKY-G-165PS-Exclusive-Navi-VollLED-PDC-SHZ,,,,,,,,4 Monate,,1000 km,,,ADA,0,,0,deny,manual,584,,FALSCH,WAHR
,,,17314,Mazda-CX-5-SKY-G-165PS-Exclusive-Navi-VollLED-PDC-SHZ,,,,,,,,4 Monate,,1500 km,,,ADA,0,,0,deny,manual,618,,FALSCH,WAHR
,,,17191,Mazda-CX-5-SKY-G-165PS-Exclusive-Navi-VollLED-PDC-SHZ,,,,,,,,4 Monate,,2000 km,,,ADA,0,,0,deny,manual,652,,FALSCH,WAHR
,,,17067,Mazda-CX-5-SKY-G-165PS-Exclusive-Navi-VollLED-PDC-SHZ,,,,,,,,4 Monate,,2500 km,,,ADA,0,,0,deny,manual,686,,FALSCH,WAHR
,,,17353,Mazda-CX-5-SKY-G-165PS-Exclusive-Navi-VollLED-PDC-SHZ,,,,,,,,5 Monate,,500 km,,,ADA,0,,0,deny,manual,538,,FALSCH,WAHR
,,,17199,Mazda-CX-5-SKY-G-165PS-Exclusive-Navi-VollLED-PDC-SHZ,,,,,,,,5 Monate,,1000 km,,,ADA,0,,0,deny,manual,572,,FALSCH,WAHR
,,,17045,Mazda-CX-5-SKY-G-165PS-Exclusive-Navi-VollLED-PDC-SHZ,,,,,,,,5 Monate,,1500 km,,,ADA,0,,0,deny,manual,606,,FALSCH,WAHR
,,,16891,Mazda-CX-5-SKY-G-165PS-Exclusive-Navi-VollLED-PDC-SHZ,,,,,,,,5 Monate,,2000 km,,,ADA,0,,0,deny,manual,640,,FALSCH,WAHR
,,,16737,Mazda-CX-5-SKY-G-165PS-Exclusive-Navi-VollLED-PDC-SHZ,,,,,,,,5 Monate,,2500 km,,,ADA,0,,0,deny,manual,674,,FALSCH,WAHR
,,,17146,Mazda-CX-5-SKY-G-165PS-Exclusive-Navi-VollLED-PDC-SHZ,,,,,,,,6 Monate,,500 km,,,ADA,0,,0,deny,manual,530,,FALSCH,WAHR
,,,16961,Mazda-CX-5-SKY-G-165PS-Exclusive-Navi-VollLED-PDC-SHZ,,,,,,,,6 Monate,,1000 km,,,ADA,0,,0,deny,manual,564,,FALSCH,WAHR
,,,16776,Mazda-CX-5-SKY-G-165PS-Exclusive-Navi-VollLED-PDC-SHZ,,,,,,,,6 Monate,,1500 km,,,ADA,0,,0,deny,manual,598,,FALSCH,WAHR
,,,16591,Mazda-CX-5-SKY-G-165PS-Exclusive-Navi-VollLED-PDC-SHZ,,,,,,,,6 Monate,,2000 km,,,ADA,0,,0,deny,manual,632,,FALSCH,WAHR
,,,16406,Mazda-CX-5-SKY-G-165PS-Exclusive-Navi-VollLED-PDC-SHZ,,,,,,,,6 Monate,,2500 km,,,ADA,0,,0,deny,manual,685,,FALSCH,WAHR
,,,16938,Mazda-CX-5-SKY-G-165PS-Exclusive-Navi-VollLED-PDC-SHZ,,,,,,,,7 Monate,,500 km,,,ADA,0,,0,deny,manual,540,,FALSCH,WAHR
,,,16722,Mazda-CX-5-SKY-G-165PS-Exclusive-Navi-VollLED-PDC-SHZ,,,,,,,,7 Monate,,1000 km,,,ADA,0,,0,deny,manual,575,,FALSCH,WAHR
,,,16507,Mazda-CX-5-SKY-G-165PS-Exclusive-Navi-VollLED-PDC-SHZ,,,,,,,,7 Monate,,1500 km,,,ADA,0,,0,deny,manual,609,,FALSCH,WAHR
,,,16291,Mazda-CX-5-SKY-G-165PS-Exclusive-Navi-VollLED-PDC-SHZ,,,,,,,,7 Monate,,2000 km,,,ADA,0,,0,deny,manual,643,,FALSCH,WAHR
,,,16075,Mazda-CX-5-SKY-G-165PS-Exclusive-Navi-VollLED-PDC-SHZ,,,,,,,,7 Monate,,2500 km,,,ADA,0,,0,deny,manual,677,,FALSCH,WAHR
,,,16731,Mazda-CX-5-SKY-G-165PS-Exclusive-Navi-VollLED-PDC-SHZ,,,,,,,,8 Monate,,500 km,,,ADA,0,,0,deny,manual,534,,FALSCH,WAHR
,,,16484,Mazda-CX-5-SKY-G-165PS-Exclusive-Navi-VollLED-PDC-SHZ,,,,,,,,8 Monate,,1000 km,,,ADA,0,,0,deny,manual,568,,FALSCH,WAHR
,,,16238,Mazda-CX-5-SKY-G-165PS-Exclusive-Navi-VollLED-PDC-SHZ,,,,,,,,8 Monate,,1500 km,,,ADA,0,,0,deny,manual,602,,FALSCH,WAHR
,,,15991,Mazda-CX-5-SKY-G-165PS-Exclusive-Navi-VollLED-PDC-SHZ,,,,,,,,8 Monate,,2000 km,,,ADA,0,,0,deny,manual,636,,FALSCH,WAHR
,,,15745,Mazda-CX-5-SKY-G-165PS-Exclusive-Navi-VollLED-PDC-SHZ,,,,,,,,8 Monate,,2500 km,,,ADA,0,,0,deny,manual,670,,FALSCH,WAHR
,,,16523,Mazda-CX-5-SKY-G-165PS-Exclusive-Navi-VollLED-PDC-SHZ,,,,,,,,9 Monate,,500 km,,,ADA,0,,0,deny,manual,529,,FALSCH,WAHR
,,,16246,Mazda-CX-5-SKY-G-165PS-Exclusive-Navi-VollLED-PDC-SHZ,,,,,,,,9 Monate,,1000 km,,,ADA,0,,0,deny,manual,563,,FALSCH,WAHR
,,,15969,Mazda-CX-5-SKY-G-165PS-Exclusive-Navi-VollLED-PDC-SHZ,,,,,,,,9 Monate,,1500 km,,,ADA,0,,0,deny,manual,597,,FALSCH,WAHR
,,,15691,Mazda-CX-5-SKY-G-165PS-Exclusive-Navi-VollLED-PDC-SHZ,,,,,,,,9 Monate,,2000 km,,,ADA,0,,0,deny,manual,631,,FALSCH,WAHR
,,,15414,Mazda-CX-5-SKY-G-165PS-Exclusive-Navi-VollLED-PDC-SHZ,,,,,,,,9 Monate,,2500 km,,,ADA,0,,0,deny,manual,665,,FALSCH,WAHR
,,,16316,Mazda-CX-5-SKY-G-165PS-Exclusive-Navi-VollLED-PDC-SHZ,,,,,,,,10 Monate,,500 km,,,ADA,0,,0,deny,manual,526,,FALSCH,WAHR
,,,16008,Mazda-CX-5-SKY-G-165PS-Exclusive-Navi-VollLED-PDC-SHZ,,,,,,,,10 Monate,,1000 km,,,ADA,0,,0,deny,manual,560,,FALSCH,WAHR
,,,15700,Mazda-CX-5-SKY-G-165PS-Exclusive-Navi-VollLED-PDC-SHZ,,,,,,,,10 Monate,,1500 km,,,ADA,0,,0,deny,manual,594,,FALSCH,WAHR
,,,15392,Mazda-CX-5-SKY-G-165PS-Exclusive-Navi-VollLED-PDC-SHZ,,,,,,,,10 Monate,,2000 km,,,ADA,0,,0,deny,manual,628,,FALSCH,WAHR
,,,15083,Mazda-CX-5-SKY-G-165PS-Exclusive-Navi-VollLED-PDC-SHZ,,,,,,,,10 Monate,,2500 km,,,ADA,0,,0,deny,manual,662,,FALSCH,WAHR
,,,16109,Mazda-CX-5-SKY-G-165PS-Exclusive-Navi-VollLED-PDC-SHZ,,,,,,,,11 Monate,,500 km,,,ADA,0,,0,deny,manual,522,,FALSCH,WAHR
,,,15770,Mazda-CX-5-SKY-G-165PS-Exclusive-Navi-VollLED-PDC-SHZ,,,,,,,,11 Monate,,1000 km,,,ADA,0,,0,deny,manual,556,,FALSCH,WAHR
,,,15431,Mazda-CX-5-SKY-G-165PS-Exclusive-Navi-VollLED-PDC-SHZ,,,,,,,,11 Monate,,1500 km,,,ADA,0,,0,deny,manual,590,,FALSCH,WAHR
,,,15092,Mazda-CX-5-SKY-G-165PS-Exclusive-Navi-VollLED-PDC-SHZ,,,,,,,,11 Monate,,2000 km,,,ADA,0,,0,deny,manual,624,,FALSCH,WAHR
,,,14753,Mazda-CX-5-SKY-G-165PS-Exclusive-Navi-VollLED-PDC-SHZ,,,,,,,,11 Monate,,2500 km,,,ADA,0,,0,deny,manual,658,,FALSCH,WAHR
,,,15901,Mazda-CX-5-SKY-G-165PS-Exclusive-Navi-VollLED-PDC-SHZ,,,,,,,,12 Monate,,500 km,,,ADA,0,,0,deny,manual,520,,FALSCH,WAHR
,,,15531,Mazda-CX-5-SKY-G-165PS-Exclusive-Navi-VollLED-PDC-SHZ,,,,,,,,12 Monate,,1000 km,,,ADA,0,,0,deny,manual,554,,FALSCH,WAHR
,,,15162,Mazda-CX-5-SKY-G-165PS-Exclusive-Navi-VollLED-PDC-SHZ,,,,,,,,12 Monate,,1500 km,,,ADA,0,,0,deny,manual,588,,FALSCH,WAHR
,,,14792,Mazda-CX-5-SKY-G-165PS-Exclusive-Navi-VollLED-PDC-SHZ,,,,,,,,12 Monate,,2000 km,,,ADA,0,,0,deny,manual,622,,FALSCH,WAHR
,,,14422,Mazda-CX-5-SKY-G-165PS-Exclusive-Navi-VollLED-PDC-SHZ,,,,,,,,12 Monate,,2500 km,,,ADA,0,,0,deny,manual,656,,FALSCH,WAHR
Autohaus Koch GmbH,"Marzahner Chaussee 219
12681 Berlin
Deutschland",27590,26595,Mazda-CX30-SKY-G-150PS-MHyb-6GS-SEL-A18-DES-P-ACT-P,Mazda CX30 SKY-G 150PS MHyb 6GS SEL A18 DES-P ACT-P,"<p>
<strong>Abholadresse</strong>
Marzahner Chaussee 219
12681 Berlin
Deutschland<br>
<strong>Fahrzeugzustand</strong>
Unfallfrei<br>
<strong>Kategorie</strong>
Limousine, Vorführfahrzeug<br>
<strong>Herkunft</strong>
Deutsche Ausführung<br>
<strong>Kilometerstand</strong>
5.000 km<br>
<strong>Hubraum</strong>
1.998 cm³<br>
<strong>Leistung</strong>
110 kW (150 PS)<br>
<strong>Kraftstoffart</strong>
Benzin<br>
<strong>Verbrauch</strong><br>
5,1 l/100km (kombiniert)<br>*
6,2 l/100km (innerorts)<br>*
4,5 l/100km (außerorts)<br>*
<strong>CO2-Emission</strong>
116 g/km (kombiniert)*<br>
<strong>Anzahl der Türen</strong>
4/5<br>
<strong>Anzahl Sitzplätze</strong>
5<br>
<strong>Getriebe</strong>
Schaltgetriebe<br>
<strong>Schadstoffklasse</strong>
Euro6d<br>
<strong>Umweltplakette</strong>
4 (Grün)<br>
<strong>Erstzulassung</strong>
07/2020<br>
<strong>Anzahl der Fahrzeughalter</strong>
1<br>
<strong>HU</strong>
Neu<br>
<strong>Klimatisierung</strong>
2-Zonen-Klimaautomatik<br>
<strong>Farbe (Hersteller)</strong>
Magmarot<br>
<strong>Farbe</strong>
Rot Metallic<br>
<strong>Innenausstattung</strong>
Stoff, Andere<br>
<strong>Weitere Eigenschaften</strong><br>
ABS, Abstandstempomat, Abstandswarner, Adaptives Kurvenlicht, Alarmanlage, Android Auto, Apple CarPlay, Armlehne, Beheizbares Lenkrad, Berganfahrassistent, Blendfreies Fernlicht, Bluetooth, Bordcomputer, Elektr. Fensterheber, Elektr. Heckklappe, Elektr. Seitenspiegel, Elektr. Wegfahrsperre, ESP, Fernlichtassistent, Freisprecheinrichtung, Garantie, Geschwindigkeitsbegrenzer, Head-Up Display, Innenspiegel autom. abblendend, Isofix, Lederlenkrad, LED-Scheinwerfer, LED-Tagfahrlicht, Leichtmetallfelgen, Lichtsensor, Lordosenstütze, Müdigkeitswarner, Multifunktionslenkrad, Musikstreaming integriert, Navigationssystem, Nichtraucher-Fahrzeug, Notbremsassistent, Notrufsystem, Pannenkit, Radio DAB, Regensensor, Reifendruckkontrolle, Scheckheftgepflegt, Scheinwerferreinigung, Schlüssellose Zentralverriegelung, Servolenkung, Sitzheizung, Soundsystem, Sprachsteuerung, Spurhalteassistent, Start/Stopp-Automatik, Totwinkel-Assistent, Traktionskontrolle, Tuner/Radio, USB, Verkehrszeichenerkennung, Volldigitales Kombiinstrument, Zentralverriegelung
</p>",Mazda,,"Marke_Mazda, Typ_Limousine, Alter_maximal 2 Jahre,Alter_maximal 5 Jahre,Alter_Alle, Kilometerstand_maximal 20.000 km,Kilometerstand_maximal 50.000 km,Kilometerstand_maximal 80.000 km,Kilometerstand_maximal 100.000 km, Leistung_Alle, Schaltung_Schaltgetriebe, Farbe_Rot, Kraftstoff_Benzin, Zustand_Gebraucht, Preis_Premium (ab 400 €)",WAHR,Deine Abo Dauer,3 Monate,Dein monatliches Kilometerpaket,500 km,,,ADA,0,,0,deny,manual,714,,FALSCH,WAHR,,https://i.ebayimg.com/00/s/NDI3WDY0MA==/z/n8oAAOSwpItfIv80/$_27.JPG,1,https://i.ebayimg.com/00/s/NDI3WDY0MA==/z/irsAAOSwphJfIv80/$_27.JPG,2,https://i.ebayimg.com/00/s/NDI3WDY0MA==/z/EbYAAOSwQgZfIv80/$_27.JPG,3,https://i.ebayimg.com/00/s/NDI3WDY0MA==/z/6GUAAOSwPndfIv80/$_27.JPG,4,https://i.ebayimg.com/00/s/NDI3WDY0MA==/z/LLgAAOSwwvtfIv80/$_27.JPG,5,https://i.ebayimg.com/00/s/NDI3WDY0MA==/z/aGoAAOSwFJ1fIv80/$_27.JPG,6,https://i.ebayimg.com/00/s/NDI3WDY0MA==/z/2IEAAOSwahFfIv80/$_27.JPG,7,https://i.ebayimg.com/00/s/NDI3WDY0MA==/z/XEEAAOSwKeBfIv80/$_27.JPG,8,https://i.ebayimg.com/00/s/NDI3WDY0MA==/z/3uIAAOSwellfIv80/$_27.JPG,9,https://i.ebayimg.com/00/s/NDI3WDY0MA==/z/C0kAAOSweyxfIv80/$_27.JPG,10,https://i.ebayimg.com/00/s/NDI3WDY0MA==/z/m4IAAOSwVgFfIv80/$_27.JPG,11,https://i.ebayimg.com/00/s/NDI3WDY0MA==/z/IjgAAOSwcS9fIv80/$_27.JPG,12,https://i.ebayimg.com/00/s/NDI3WDY0MA==/z/y~gAAOSwg4RfIv80/$_27.JPG,13,https://i.ebayimg.com/00/s/NDI3WDY0MA==/z/uxkAAOSw7zFfIv80/$_27.JPG,14,https://i.ebayimg.com/00/s/NDI3WDY0MA==/z/No8AAOSwH8JfIv80/$_27.JPG,15,https://i.ebayimg.com/00/s/NDI3WDY0MA==/z/n8oAAOSwpItfIv80/$_27.JPG,16,,,,,,,,,,,nil
,,,26457,Mazda-CX30-SKY-G-150PS-MHyb-6GS-SEL-A18-DES-P-ACT-P,,,,,,,,3 Monate,,1000 km,,,ADA,0,,0,deny,manual,765,,FALSCH,WAHR
,,,26319,Mazda-CX30-SKY-G-150PS-MHyb-6GS-SEL-A18-DES-P-ACT-P,,,,,,,,3 Monate,,1500 km,,,ADA,0,,0,deny,manual,815,,FALSCH,WAHR
,,,26181,Mazda-CX30-SKY-G-150PS-MHyb-6GS-SEL-A18-DES-P-ACT-P,,,,,,,,3 Monate,,2000 km,,,ADA,0,,0,deny,manual,866,,FALSCH,WAHR
,,,26043,Mazda-CX30-SKY-G-150PS-MHyb-6GS-SEL-A18-DES-P-ACT-P,,,,,,,,3 Monate,,2500 km,,,ADA,0,,0,deny,manual,917,,FALSCH,WAHR
,,,26296,Mazda-CX30-SKY-G-150PS-MHyb-6GS-SEL-A18-DES-P-ACT-P,,,,,,,,4 Monate,,500 km,,,ADA,0,,0,deny,manual,694,,FALSCH,WAHR
,,,26112,Mazda-CX30-SKY-G-150PS-MHyb-6GS-SEL-A18-DES-P-ACT-P,,,,,,,,4 Monate,,1000 km,,,ADA,0,,0,deny,manual,745,,FALSCH,WAHR
,,,25929,Mazda-CX30-SKY-G-150PS-MHyb-6GS-SEL-A18-DES-P-ACT-P,,,,,,,,4 Monate,,1500 km,,,ADA,0,,0,deny,manual,795,,FALSCH,WAHR
,,,25745,Mazda-CX30-SKY-G-150PS-MHyb-6GS-SEL-A18-DES-P-ACT-P,,,,,,,,4 Monate,,2000 km,,,ADA,0,,0,deny,manual,846,,FALSCH,WAHR
,,,25561,Mazda-CX30-SKY-G-150PS-MHyb-6GS-SEL-A18-DES-P-ACT-P,,,,,,,,4 Monate,,2500 km,,,ADA,0,,0,deny,manual,897,,FALSCH,WAHR
,,,25998,Mazda-CX30-SKY-G-150PS-MHyb-6GS-SEL-A18-DES-P-ACT-P,,,,,,,,5 Monate,,500 km,,,ADA,0,,0,deny,manual,682,,FALSCH,WAHR
,,,25768,Mazda-CX30-SKY-G-150PS-MHyb-6GS-SEL-A18-DES-P-ACT-P,,,,,,,,5 Monate,,1000 km,,,ADA,0,,0,deny,manual,733,,FALSCH,WAHR
,,,25538,Mazda-CX30-SKY-G-150PS-MHyb-6GS-SEL-A18-DES-P-ACT-P,,,,,,,,5 Monate,,1500 km,,,ADA,0,,0,deny,manual,783,,FALSCH,WAHR
,,,25308,Mazda-CX30-SKY-G-150PS-MHyb-6GS-SEL-A18-DES-P-ACT-P,,,,,,,,5 Monate,,2000 km,,,ADA,0,,0,deny,manual,834,,FALSCH,WAHR
,,,25078,Mazda-CX30-SKY-G-150PS-MHyb-6GS-SEL-A18-DES-P-ACT-P,,,,,,,,5 Monate,,2500 km,,,ADA,0,,0,deny,manual,885,,FALSCH,WAHR
,,,25700,Mazda-CX30-SKY-G-150PS-MHyb-6GS-SEL-A18-DES-P-ACT-P,,,,,,,,6 Monate,,500 km,,,ADA,0,,0,deny,manual,674,,FALSCH,WAHR
,,,25424,Mazda-CX30-SKY-G-150PS-MHyb-6GS-SEL-A18-DES-P-ACT-P,,,,,,,,6 Monate,,1000 km,,,ADA,0,,0,deny,manual,725,,FALSCH,WAHR
,,,25148,Mazda-CX30-SKY-G-150PS-MHyb-6GS-SEL-A18-DES-P-ACT-P,,,,,,,,6 Monate,,1500 km,,,ADA,0,,0,deny,manual,775,,FALSCH,WAHR
,,,24872,Mazda-CX30-SKY-G-150PS-MHyb-6GS-SEL-A18-DES-P-ACT-P,,,,,,,,6 Monate,,2000 km,,,ADA,0,,0,deny,manual,826,,FALSCH,WAHR
,,,24596,Mazda-CX30-SKY-G-150PS-MHyb-6GS-SEL-A18-DES-P-ACT-P,,,,,,,,6 Monate,,2500 km,,,ADA,0,,0,deny,manual,895,,FALSCH,WAHR
,,,25401,Mazda-CX30-SKY-G-150PS-MHyb-6GS-SEL-A18-DES-P-ACT-P,,,,,,,,7 Monate,,500 km,,,ADA,0,,0,deny,manual,684,,FALSCH,WAHR
,,,25079,Mazda-CX30-SKY-G-150PS-MHyb-6GS-SEL-A18-DES-P-ACT-P,,,,,,,,7 Monate,,1000 km,,,ADA,0,,0,deny,manual,735,,FALSCH,WAHR
,,,24757,Mazda-CX30-SKY-G-150PS-MHyb-6GS-SEL-A18-DES-P-ACT-P,,,,,,,,7 Monate,,1500 km,,,ADA,0,,0,deny,manual,786,,FALSCH,WAHR
,,,24436,Mazda-CX30-SKY-G-150PS-MHyb-6GS-SEL-A18-DES-P-ACT-P,,,,,,,,7 Monate,,2000 km,,,ADA,0,,0,deny,manual,836,,FALSCH,WAHR
,,,24114,Mazda-CX30-SKY-G-150PS-MHyb-6GS-SEL-A18-DES-P-ACT-P,,,,,,,,7 Monate,,2500 km,,,ADA,0,,0,deny,manual,887,,FALSCH,WAHR
,,,25103,Mazda-CX30-SKY-G-150PS-MHyb-6GS-SEL-A18-DES-P-ACT-P,,,,,,,,8 Monate,,500 km,,,ADA,0,,0,deny,manual,678,,FALSCH,WAHR
,,,24735,Mazda-CX30-SKY-G-150PS-MHyb-6GS-SEL-A18-DES-P-ACT-P,,,,,,,,8 Monate,,1000 km,,,ADA,0,,0,deny,manual,729,,FALSCH,WAHR
,,,24367,Mazda-CX30-SKY-G-150PS-MHyb-6GS-SEL-A18-DES-P-ACT-P,,,,,,,,8 Monate,,1500 km,,,ADA,0,,0,deny,manual,779,,FALSCH,WAHR
,,,23999,Mazda-CX30-SKY-G-150PS-MHyb-6GS-SEL-A18-DES-P-ACT-P,,,,,,,,8 Monate,,2000 km,,,ADA,0,,0,deny,manual,830,,FALSCH,WAHR
,,,23631,Mazda-CX30-SKY-G-150PS-MHyb-6GS-SEL-A18-DES-P-ACT-P,,,,,,,,8 Monate,,2500 km,,,ADA,0,,0,deny,manual,881,,FALSCH,WAHR
,,,24804,Mazda-CX30-SKY-G-150PS-MHyb-6GS-SEL-A18-DES-P-ACT-P,,,,,,,,9 Monate,,500 km,,,ADA,0,,0,deny,manual,673,,FALSCH,WAHR
,,,24391,Mazda-CX30-SKY-G-150PS-MHyb-6GS-SEL-A18-DES-P-ACT-P,,,,,,,,9 Monate,,1000 km,,,ADA,0,,0,deny,manual,724,,FALSCH,WAHR
,,,23977,Mazda-CX30-SKY-G-150PS-MHyb-6GS-SEL-A18-DES-P-ACT-P,,,,,,,,9 Monate,,1500 km,,,ADA,0,,0,deny,manual,774,,FALSCH,WAHR
,,,23563,Mazda-CX30-SKY-G-150PS-MHyb-6GS-SEL-A18-DES-P-ACT-P,,,,,,,,9 Monate,,2000 km,,,ADA,0,,0,deny,manual,825,,FALSCH,WAHR
,,,23149,Mazda-CX30-SKY-G-150PS-MHyb-6GS-SEL-A18-DES-P-ACT-P,,,,,,,,9 Monate,,2500 km,,,ADA,0,,0,deny,manual,876,,FALSCH,WAHR
,,,24506,Mazda-CX30-SKY-G-150PS-MHyb-6GS-SEL-A18-DES-P-ACT-P,,,,,,,,10 Monate,,500 km,,,ADA,0,,0,deny,manual,669,,FALSCH,WAHR
,,,24046,Mazda-CX30-SKY-G-150PS-MHyb-6GS-SEL-A18-DES-P-ACT-P,,,,,,,,10 Monate,,1000 km,,,ADA,0,,0,deny,manual,720,,FALSCH,WAHR
,,,23586,Mazda-CX30-SKY-G-150PS-MHyb-6GS-SEL-A18-DES-P-ACT-P,,,,,,,,10 Monate,,1500 km,,,ADA,0,,0,deny,manual,771,,FALSCH,WAHR
,,,23127,Mazda-CX30-SKY-G-150PS-MHyb-6GS-SEL-A18-DES-P-ACT-P,,,,,,,,10 Monate,,2000 km,,,ADA,0,,0,deny,manual,821,,FALSCH,WAHR
,,,22667,Mazda-CX30-SKY-G-150PS-MHyb-6GS-SEL-A18-DES-P-ACT-P,,,,,,,,10 Monate,,2500 km,,,ADA,0,,0,deny,manual,872,,FALSCH,WAHR
,,,24208,Mazda-CX30-SKY-G-150PS-MHyb-6GS-SEL-A18-DES-P-ACT-P,,,,,,,,11 Monate,,500 km,,,ADA,0,,0,deny,manual,666,,FALSCH,WAHR
,,,23702,Mazda-CX30-SKY-G-150PS-MHyb-6GS-SEL-A18-DES-P-ACT-P,,,,,,,,11 Monate,,1000 km,,,ADA,0,,0,deny,manual,717,,FALSCH,WAHR
,,,23196,Mazda-CX30-SKY-G-150PS-MHyb-6GS-SEL-A18-DES-P-ACT-P,,,,,,,,11 Monate,,1500 km,,,ADA,0,,0,deny,manual,767,,FALSCH,WAHR
,,,22690,Mazda-CX30-SKY-G-150PS-MHyb-6GS-SEL-A18-DES-P-ACT-P,,,,,,,,11 Monate,,2000 km,,,ADA,0,,0,deny,manual,818,,FALSCH,WAHR
,,,22184,Mazda-CX30-SKY-G-150PS-MHyb-6GS-SEL-A18-DES-P-ACT-P,,,,,,,,11 Monate,,2500 km,,,ADA,0,,0,deny,manual,869,,FALSCH,WAHR
,,,23909,Mazda-CX30-SKY-G-150PS-MHyb-6GS-SEL-A18-DES-P-ACT-P,,,,,,,,12 Monate,,500 km,,,ADA,0,,0,deny,manual,663,,FALSCH,WAHR
,,,23357,Mazda-CX30-SKY-G-150PS-MHyb-6GS-SEL-A18-DES-P-ACT-P,,,,,,,,12 Monate,,1000 km,,,ADA,0,,0,deny,manual,714,,FALSCH,WAHR
,,,22806,Mazda-CX30-SKY-G-150PS-MHyb-6GS-SEL-A18-DES-P-ACT-P,,,,,,,,12 Monate,,1500 km,,,ADA,0,,0,deny,manual,765,,FALSCH,WAHR
,,,22254,Mazda-CX30-SKY-G-150PS-MHyb-6GS-SEL-A18-DES-P-ACT-P,,,,,,,,12 Monate,,2000 km,,,ADA,0,,0,deny,manual,816,,FALSCH,WAHR
,,,21702,Mazda-CX30-SKY-G-150PS-MHyb-6GS-SEL-A18-DES-P-ACT-P,,,,,,,,12 Monate,,2500 km,,,ADA,0,,0,deny,manual,866,,FALSCH,WAHR
